id,latitude,longitude,speed
1,0,0,0
2,0,0,0
3,0,0,0
4,0,0,0
5,0,0,0
6,0,0,0
7,0,0,0
8,0,0,0
9,0,0,0
10,0,0,0
11,0,0,0
12,0,0,0
13,0,0,0
14,0,0,0
15,0,0,0
16,0,0,0
17,0,0,0
18,0,0,0
19,0,0,0
20,0,0,0
21,0,0,0
22,0,0,0
23,0,0,0
24,0,0,0
25,0,0,0
26,0,0,0
27,0,0,0
28,0,0,0
29,0,0,0
30,0,0,0
31,0,0,0
32,0,0,0
33,0,0,0
34,0,0,0
35,0,0,0
36,0,0,0
37,0,0,0
38,0,0,0
39,0,0,0
40,0,0,0
41,0,0,0
42,0,0,0
43,0,0,0
44,0,0,0
45,0,0,0
46,0,0,0
47,0,0,0
48,0,0,0
49,0,0,0
50,0,0,0
51,0,0,0
52,0,0,0
53,0,0,0
54,0,0,0
55,0,0,0
56,0,0,0
57,0,0,0
58,0,0,0
59,0,0,0
60,0,0,0
61,0,0,0
62,0,0,0
63,0,0,0
64,0,0,0
65,0,0,0
66,0,0,0
67,0,0,0
68,0,0,0
69,0,0,0
70,0,0,0
71,0,0,0
72,0,0,0
73,0,0,0
74,0,0,0
75,0,0,0
76,0,0,0
77,0,0,0
78,0,0,0
79,0,0,0
80,0,0,0
81,0,0,0
82,0,0,0
83,0,0,0
84,0,0,0
85,0,0,0
86,0,0,0
87,0,0,0
88,0,0,0
89,0,0,0
90,0,0,0
91,0,0,0
92,0,0,0
93,0,0,0
94,0,0,0
95,0,0,0
96,0,0,0
97,0,0,0
98,0,0,0
99,0,0,0
100,0,0,0
101,49.2465,4.0511,30.5
102,0,0,0
103,0,0,0
104,0,0,0
105,0,0,0
106,0,0,0
107,0,0,0
108,0,0,0
109,0,0,0
110,0,0,0
111,0,0,0
112,0,0,0
113,0,0,0
114,0,0,0
115,0,0,0
116,0,0,0
117,0,0,0
118,0,0,0
119,0,0,0
120,0,0,0
121,0,0,0
122,49.24658520730432,4.051170586412191,0
123,49.24658520730432,4.051170586412191,0
124,49.24658520730432,4.051170586412191,0
125,49.246587606096185,4.051153059245567,0
126,49.246587606096185,4.051153059245567,0
127,49.246587606096185,4.051153059245567,0
128,49.246587606096185,4.051153059245567,0
129,49.246587606096185,4.051153059245567,0
130,49.246587606096185,4.051153059245567,0
131,49.246587606096185,4.051153059245567,0
132,49.2465898601008,4.051173760896472,0
133,49.2465898601008,4.051173760896472,0
134,49.2465898601008,4.051173760896472,0
135,49.2465898601008,4.051173760896472,0
136,49.2465898601008,4.051173760896472,0
137,49.2465898601008,4.051173760896472,0
138,49.2465898601008,4.051173760896472,0
139,49.24658839700079,4.051171721836509,0
140,49.24658839700079,4.051171721836509,0
141,49.24658839700079,4.051171721836509,0
142,49.24658839700079,4.051171721836509,0
143,49.24658839700079,4.051171721836509,0
144,49.24658839700079,4.051171721836509,0
145,49.24658839700079,4.051171721836509,0
146,49.24658839700079,4.051171721836509,0
147,49.24658839700079,4.051171721836509,0
148,49.24658839700079,4.051171721836509,0
149,0,0,0
150,0,0,0
151,0,0,0
152,0,0,0
153,49.24658070472403,4.051173583399041,0
154,49.24658070472403,4.051173583399041,0
155,49.24658044127399,4.051171310480686,0
156,49.24658044127399,4.051171310480686,0
157,49.24658044127399,4.051171310480686,0
158,49.24658044127399,4.051171310480686,0
159,49.24658044127399,4.051171310480686,0
160,49.24658044127399,4.051171310480686,0
161,49.24658044127399,4.051171310480686,0
162,49.24658044127399,4.051171310480686,0
163,49.24658044127399,4.051171310480686,0
164,49.24658044127399,4.051171310480686,0
165,49.24658044127399,4.051171310480686,0
166,49.24658044127399,4.051171310480686,0
167,49.246582554087176,4.051168978278314,0
168,49.246582554087176,4.051168978278314,0
169,49.246582554087176,4.051168978278314,0
170,49.246582554087176,4.051168978278314,0
171,49.246582554087176,4.051168978278314,0
172,49.246582554087176,4.051168978278314,0
173,49.246582554087176,4.051168978278314,0
174,49.246582554087176,4.051168978278314,0
175,49.246582554087176,4.051168978278314,0
176,49.246582554087176,4.051168978278314,0
177,49.246582554087176,4.051168978278314,0
178,49.246582554087176,4.051168978278314,0
179,49.24658579150868,4.051170480822266,0
180,49.24658579150868,4.051170480822266,0
181,49.24658579150868,4.051170480822266,0
182,49.24658579150868,4.051170480822266,0
183,49.24658579150868,4.051170480822266,0
184,49.24658579150868,4.051170480822266,0
185,49.24658579150868,4.051170480822266,0
186,49.24658579150868,4.051170480822266,0
187,49.24658579150868,4.051170480822266,0
188,49.24658579150868,4.051170480822266,0
189,49.24658579150868,4.051170480822266,0
190,49.24658579150868,4.051170480822266,0
191,49.246585303140954,4.051171289230345,0
192,49.246585303140954,4.051171289230345,0
193,49.246585303140954,4.051171289230345,0
194,49.246585303140954,4.051171289230345,0
195,0,0,0
196,0,0,0
197,49.246572660728965,4.051186375249823,0
198,49.24655759996979,4.051203155248219,0
199,0,0,0
200,49.2465,4.0511,30.5
201,0,0,0
202,49.24657410746722,4.051138244251054,0
203,49.24657410746722,4.051138244251054,0
204,49.24657410746722,4.051138244251054,0
205,49.24657410746722,4.051138244251054,0
206,49.24657410746722,4.051138244251054,0
207,49.246585892563765,4.051112901573698,0
208,49.24657409872011,4.051156009307605,0
209,49.24657409872011,4.051156009307605,0
210,49.24657409872011,4.051156009307605,0
211,49.24657409872011,4.051156009307605,0
212,49.24657409872011,4.051156009307605,0
213,49.24657409872011,4.051156009307605,0
214,49.24657409872011,4.051156009307605,0
215,49.24657409872011,4.051156009307605,0
216,49.24657409872011,4.051156009307605,0
217,49.24657409872011,4.051156009307605,0
218,49.24657409872011,4.051156009307605,0
219,49.24657409872011,4.051156009307605,0
220,49.24657337769445,4.051165794346273,0
221,49.24657337769445,4.051165794346273,0
222,0,0,0
223,0,0,0
224,49.246569812891146,4.051198280646207,0
225,49.246569812891146,4.051198280646207,0
226,49.246554493619456,4.05115590395151,0
227,49.246554493619456,4.05115590395151,0
228,49.246554493619456,4.05115590395151,0
229,49.246554493619456,4.05115590395151,0
230,49.246554493619456,4.05115590395151,0
231,49.246554493619456,4.05115590395151,0
232,49.246554493619456,4.05115590395151,0
233,49.24658051449077,4.0511344050359614,0
234,49.24658051449077,4.0511344050359614,0
235,49.24658051449077,4.0511344050359614,0
236,49.24658051449077,4.0511344050359614,0
237,49.24658051449077,4.0511344050359614,0
238,49.24658051449077,4.0511344050359614,0
239,49.24658051449077,4.0511344050359614,0
240,49.24658051449077,4.0511344050359614,0
241,49.24658051449077,4.0511344050359614,0
242,49.24658051449077,4.0511344050359614,0
243,49.24658208085858,4.051144894602213,0
244,0,0,0
245,0,0,0
246,49.2465826184433,4.051165663867821,0
247,49.2465826184433,4.051165663867821,0
248,49.2465826184433,4.051165663867821,0
249,49.2465826184433,4.051165663867821,0
250,49.2465826184433,4.051165663867821,0
251,49.2465826184433,4.051165663867821,0
252,49.24658069370271,4.0511513460151125,0
253,49.24658069370271,4.0511513460151125,0
254,49.24658069370271,4.0511513460151125,0
255,49.24658069370271,4.0511513460151125,0
256,0,0,0
257,0,0,0
258,49.24656563038036,4.051172300383956,0
259,49.24656563038036,4.051172300383956,0
260,49.24656563038036,4.051172300383956,0
261,49.24656563038036,4.051172300383956,0
262,49.24656563038036,4.051172300383956,0
263,49.24656563038036,4.051172300383956,0
264,49.24656563038036,4.051172300383956,0
265,49.246566948101176,4.05117310777043,0
266,49.246566948101176,4.05117310777043,0
267,49.246566948101176,4.05117310777043,0
268,49.246566948101176,4.05117310777043,0
269,49.246566948101176,4.05117310777043,0
270,49.246566948101176,4.05117310777043,0
271,49.246566948101176,4.05117310777043,0
272,49.246566948101176,4.05117310777043,0
273,49.246566948101176,4.05117310777043,0
274,49.246566948101176,4.05117310777043,0
275,49.246566948101176,4.05117310777043,0
276,49.246566948101176,4.05117310777043,0
277,49.24656858201284,4.051173972313395,0
278,0,0,0
279,49.24656858201284,4.051173972313395,0
280,0,0,0
281,49.246589555081215,4.051150678158142,0
282,49.246589555081215,4.051150678158142,0
283,49.246589555081215,4.051150678158142,0
284,49.246589555081215,4.051150678158142,0
285,49.246589555081215,4.051150678158142,0
286,49.246589555081215,4.051150678158142,0
287,49.246589555081215,4.051150678158142,0
288,49.246589555081215,4.051150678158142,0
289,49.246589555081215,4.051150678158142,0
290,49.246589555081215,4.051150678158142,0
291,49.246589555081215,4.051150678158142,0
292,49.24658955439674,4.051149483788204,0
293,49.24658955439674,4.051149483788204,0
294,49.24658955439674,4.051149483788204,0
295,49.24658955439674,4.051149483788204,0
296,49.24658955439674,4.051149483788204,0
297,49.24658955439674,4.051149483788204,0
298,49.24658955439674,4.051149483788204,0
299,49.24658955439674,4.051149483788204,0
300,49.24658955439674,4.051149483788204,0
301,49.24658955439674,4.051149483788204,0
302,49.24658955439674,4.051149483788204,0
303,49.24658955439674,4.051149483788204,0
304,49.24658859909708,4.0511498348520405,0
305,49.24658859909708,4.0511498348520405,0
306,49.24658859909708,4.0511498348520405,0
307,49.24658859909708,4.0511498348520405,0
308,49.24658859909708,4.0511498348520405,0
309,49.24658859909708,4.0511498348520405,0
310,0,0,0
311,0,0,0
312,49.246581861257965,4.051152732324254,0
313,49.246581861257965,4.051152732324254,0
314,49.24658202118488,4.05115218415357,0
315,49.24658202118488,4.05115218415357,0
316,49.24658202118488,4.05115218415357,0
317,49.24658202118488,4.05115218415357,0
318,49.24658202118488,4.05115218415357,0
319,49.24658202118488,4.05115218415357,0
320,49.24658202118488,4.05115218415357,0
321,49.24658202118488,4.05115218415357,0
322,49.24658202118488,4.05115218415357,0
323,49.24658202118488,4.05115218415357,0
324,0,0,0
325,49.24658202118488,4.05115218415357,0
326,0,0,0
327,0,0,0
328,0,0,0
329,49.24658284318889,4.051156069515502,0
330,49.24658284318889,4.051156069515502,0
331,49.24658284318889,4.051156069515502,0
332,49.24658284318889,4.051156069515502,0
333,0,0,0
334,0,0,0
335,49.246557647234944,4.051154192867674,0
336,49.246557647234944,4.051154192867674,0
337,49.246557647234944,4.051154192867674,0
338,49.246557647234944,4.051154192867674,0
339,49.246557647234944,4.051154192867674,0
340,49.246557647234944,4.051154192867674,0
341,49.24658538912071,4.051149971796222,0
342,49.24658538912071,4.051149971796222,0
343,49.24658538912071,4.051149971796222,0
344,49.24658538912071,4.051149971796222,0
345,49.24658538912071,4.051149971796222,0
346,49.24658538912071,4.051149971796222,0
347,49.24658538912071,4.051149971796222,0
348,49.24658538912071,4.051149971796222,0
349,49.246552988132514,4.05118068143108,0
350,49.246552988132514,4.05118068143108,0
351,49.246552988132514,4.05118068143108,0
352,49.246552988132514,4.05118068143108,0
353,0,0,0
354,49.24387547034748,4.066975024829401,0
355,49.24382493090492,4.066955569209655,0
356,49.243852976636894,4.066977828606475,0
357,49.24382493090492,4.066955569209655,0
358,49.24387547034748,4.066975024829401,0
359,49.24387547034748,4.066975024829401,0
360,49.24387547034748,4.066975024829401,0
361,49.24387347486661,4.06697308576232,0
362,49.24387547034748,4.066975024829401,0
363,49.243852976636894,4.066977828606475,0
364,49.24387547034748,4.066975024829401,0
365,49.24387347486661,4.06697308576232,0
366,49.24387547034748,4.066975024829401,0
367,49.24387907562424,4.066980938313124,0
368,49.24387547034748,4.066975024829401,0
369,49.24387352591204,4.066972882245377,0
370,49.24385134379465,4.066960489693708,0
371,49.243852976636894,4.066977828606475,0
372,49.24387547034748,4.066975024829401,0
373,49.24382493090492,4.066955569209655,0
374,49.24382493090492,4.066955569209655,0
375,49.24387347486661,4.06697308576232,0
376,49.24382493090492,4.066955569209655,0
377,49.24387547034748,4.066975024829401,0
378,49.24387347486661,4.06697308576232,0
379,49.24382493090492,4.066955569209655,0
380,49.24387347486661,4.06697308576232,0
381,49.24387347486661,4.06697308576232,0
382,49.24387547034748,4.066975024829401,0
383,49.24387347486661,4.06697308576232,0
384,49.243852976636894,4.066977828606475,0
385,49.243852976636894,4.066977828606475,0
386,49.24387347486661,4.06697308576232,0
387,49.243852976636894,4.066977828606475,0
388,49.24385134379465,4.066960489693708,0
389,0,0,0
390,49.24382875475013,4.0669584809223815,0
391,49.24387347486661,4.06697308576232,0
392,49.24387347486661,4.06697308576232,0
393,49.243853442954084,4.0669630345293895,0
394,49.24387547034748,4.066975024829401,0
395,49.24387347486661,4.06697308576232,0
396,49.24387907562424,4.066980938313124,0
397,49.24387907562424,4.066980938313124,0
398,49.24387907562424,4.066980938313124,0
399,49.24387907562424,4.066980938313124,0
400,49.24387907562424,4.066980938313124,0
401,49.24387907562424,4.066980938313124,0
402,49.24387907562424,4.066980938313124,0
403,49.24387907562424,4.066980938313124,0
404,49.24387907562424,4.066980938313124,0
405,49.24387907562424,4.066980938313124,0
406,49.24387907562424,4.066980938313124,0
407,49.24388287661125,4.066982125739398,0
408,49.24388287661125,4.066982125739398,0
409,49.24388287661125,4.066982125739398,0
410,49.24388287661125,4.066982125739398,0
411,49.24388287661125,4.066982125739398,0
412,49.24388287661125,4.066982125739398,0
413,49.24388287661125,4.066982125739398,0
414,49.24388287661125,4.066982125739398,0
415,0,0,0
416,0,0,0
417,49.24388473662463,4.0669896365771505,0
418,49.24388473662463,4.0669896365771505,0
419,49.24388797317716,4.066977893765007,0
420,49.24388797317716,4.066977893765007,0
421,49.24390062257783,4.066983834296355,0
422,49.24390062257783,4.066983834296355,0
423,49.24390062257783,4.066983834296355,0
424,0,0,0
425,0,0,0
426,49.24387253706593,4.066988915167163,0
427,49.24387253706593,4.066988915167163,0
428,49.24387253706593,4.066988915167163,0
429,49.24387253706593,4.066988915167163,0
430,49.24387253706593,4.066988915167163,0
431,49.24387253706593,4.066988915167163,0
432,49.243873031550585,4.066989406562947,0
433,49.243869107189525,4.06698958637399,0
434,49.243869107189525,4.06698958637399,0
435,49.243869107189525,4.06698958637399,0
436,49.243869107189525,4.06698958637399,0
437,49.243869107189525,4.06698958637399,0
438,49.243869107189525,4.06698958637399,0
439,49.24386952107847,4.066989891699642,0
440,49.243880396410006,4.066988620749014,0
441,49.243880396410006,4.066988620749014,0
442,49.243880396410006,4.066988620749014,0
443,49.243880396410006,4.066988620749014,0
444,49.243880396410006,4.066988620749014,0
445,49.243880396410006,4.066988620749014,0
446,49.24387606349585,4.066989263989798,0
447,49.24387606349585,4.066989263989798,0
448,49.24387606349585,4.066989263989798,0
449,49.24387606349585,4.066989263989798,0
450,49.24387606349585,4.066989263989798,0
451,49.24387606349585,4.066989263989798,0
452,49.24387227743247,4.066989861866708,0
453,49.24387227743247,4.066989861866708,0
454,49.24387227743247,4.066989861866708,0
455,49.24387227743247,4.066989861866708,0
456,49.24387227743247,4.066989861866708,0
457,49.24387227743247,4.066989861866708,0
458,49.24387227743247,4.066989861866708,0
459,49.24387227743247,4.066989861866708,0
460,49.24387259482432,4.066990147315997,0
461,49.24386060234091,4.06698338391261,0
462,49.24386060234091,4.06698338391261,0
463,49.24386060234091,4.06698338391261,0
464,49.24386060234091,4.06698338391261,0
465,49.24386060234091,4.06698338391261,0
466,49.24386060234091,4.06698338391261,0
467,49.24386098449235,4.06698366470647,0
468,49.243873911617285,4.066981584605469,0
469,49.243873911617285,4.066981584605469,0
470,49.243873911617285,4.066981584605469,0
471,49.243873911617285,4.066981584605469,0
472,49.243873911617285,4.066981584605469,0
473,49.24387399107273,4.066982020747775,0
474,49.243879434502375,4.066977167522096,0
475,49.243879434502375,4.066977167522096,0
476,49.243879434502375,4.066977167522096,0
477,49.243879434502375,4.066977167522096,0
478,49.243879434502375,4.066977167522096,0
479,49.243879434502375,4.066977167522096,0
480,49.243879434502375,4.066977167522096,0
481,49.243875312687145,4.066980918148213,0
482,49.243875312687145,4.066980918148213,0
483,49.243875312687145,4.066980918148213,0
484,0,0,0
485,0,0,0
486,49.24387829656139,4.066982942419358,0
487,49.24387829656139,4.066982942419358,0
488,49.24387829656139,4.066982942419358,0
489,49.24387831045056,4.066982980312041,0
490,49.24384725157183,4.066973181428936,0
491,49.24384725157183,4.066973181428936,0
492,49.24384641467286,4.066973529054847,0
493,49.24384641467286,4.066973529054847,0
494,49.24384641467286,4.066973529054847,0
495,49.24384641467286,4.066973529054847,0
496,49.243872578537314,4.066992433140826,0
497,49.243881927251685,4.0669988856106665,0
498,49.243881927251685,4.0669988856106665,0
499,49.2438818988653,4.066998897358974,0
500,49.2438818988653,4.066998897358974,0
501,49.2438818988653,4.066998897358974,0
502,49.2438818988653,4.066998897358974,0
503,49.2438818988653,4.066998897358974,0
504,49.2438818988653,4.066998897358974,0
505,49.2438818988653,4.066998897358974,0
506,49.2438818988653,4.066998897358974,0
507,49.2438818988653,4.066998897358974,0
508,49.243882012160775,4.066998985460939,0
509,49.24386309252217,4.066994344150362,0
510,49.24386309252217,4.066994344150362,0
511,49.24386309252217,4.066994344150362,0
512,49.24386309252217,4.066994344150362,0
513,49.24386309252217,4.066994344150362,0
514,49.24386309252217,4.066994344150362,0
515,49.24386309252217,4.066994344150362,0
516,49.24386309252217,4.066994344150362,0
517,49.24386309252217,4.066994344150362,0
518,49.24386309252217,4.066994344150362,0
519,49.24386309252217,4.066994344150362,0
520,49.24386351726081,4.066994479537568,0
521,49.24387209284587,4.066995441358164,0
522,49.24387209284587,4.066995441358164,0
523,49.24387209284587,4.066995441358164,0
524,49.24387209284587,4.066995441358164,0
525,49.24387209284587,4.066995441358164,0
526,49.24387209284587,4.066995441358164,0
527,49.24387209284587,4.066995441358164,0
528,49.24387209284587,4.066995441358164,0
529,49.243872134124615,4.066995667535173,0
530,49.243872134124615,4.066995667535173,0
531,49.243872134124615,4.066995667535173,0
532,49.24387229967716,4.066995740299784,0
533,49.243860370980165,4.066990752535388,0
534,49.243860370980165,4.066990752535388,0
535,49.24386037028248,4.066990752996759,0
536,49.24386037028248,4.066990752996759,0
537,49.24386037028248,4.066990752996759,0
538,49.24386037028248,4.066990752996759,0
539,49.24386037028248,4.066990752996759,0
540,49.24386037028248,4.066990752996759,0
541,49.24386037028248,4.066990752996759,0
542,49.24386037028248,4.066990752996759,0
543,49.24386037028248,4.066990752996759,0
544,49.24386064370316,4.066991027764161,0
545,49.24386538798939,4.066992851881558,0
546,49.24386538798939,4.066992851881558,0
547,49.24386538798939,4.066992851881558,0
548,49.24386538798939,4.066992851881558,0
549,49.24386538798939,4.066992851881558,0
550,49.24386538798939,4.066992851881558,0
551,49.24386538743583,4.066992852247604,0
552,49.24386538743583,4.066992852247604,0
553,49.24386538743583,4.066992852247604,0
554,49.24386538743583,4.066992852247604,0
555,49.24386538743583,4.066992852247604,0
556,49.24386554075846,4.066992918466163,0
557,49.243865449428384,4.0669922855108895,0
558,49.243865449428384,4.0669922855108895,0
559,49.243865449428384,4.0669922855108895,0
560,49.24386544448791,4.066992287558099,0
561,49.24386544448791,4.066992287558099,0
562,49.24386544448791,4.066992287558099,0
563,49.24386544448791,4.066992287558099,0
564,49.24386544448791,4.066992287558099,0
565,49.24386544448791,4.066992287558099,0
566,49.24386544448791,4.066992287558099,0
567,49.24386544448791,4.066992287558099,0
568,49.24386557136273,4.066992346169829,0
569,49.243862731703345,4.066990795707665,0
570,49.243862731703345,4.066990795707665,0
571,49.243862731703345,4.066990795707665,0
572,49.243862731703345,4.066990795707665,0
573,49.243862731703345,4.066990795707665,0
574,49.243862731703345,4.066990795707665,0
575,49.243862731703345,4.066990795707665,0
576,49.243862731703345,4.066990795707665,0
577,49.243862731703345,4.066990795707665,0
578,49.243862731703345,4.066990795707665,0
579,49.243862731703345,4.066990795707665,0
580,49.24386285516013,4.066990854061042,0
581,49.24385960725623,4.066988014986085,0
582,49.24385960725623,4.066988014986085,0
583,49.24385960725623,4.066988014986085,0
584,49.24385960725623,4.066988014986085,0
585,49.24385960725623,4.066988014986085,0
586,49.24385960725623,4.066988014986085,0
587,49.24385960725623,4.066988014986085,0
588,49.24385960725623,4.066988014986085,0
589,49.24385960725623,4.066988014986085,0
590,49.24385960725623,4.066988014986085,0
591,49.24385960725623,4.066988014986085,0
592,49.24385973156028,4.066988080112881,0
593,49.24385485478028,4.066984265232503,0
594,49.24385485478028,4.066984265232503,0
595,49.24385485478028,4.066984265232503,0
596,49.24385485478028,4.066984265232503,0
597,49.24385485478028,4.066984265232503,0
598,49.24385485478028,4.066984265232503,0
599,49.24385485478028,4.066984265232503,0
600,49.24385485478028,4.066984265232503,0
601,49.24385485478028,4.066984265232503,0
602,49.24385485478028,4.066984265232503,0
603,49.24385485478028,4.066984265232503,0
604,49.243854985549966,4.066984339204532,0
605,49.243851026036545,4.066981208780443,0
606,49.243851026036545,4.066981208780443,0
607,49.243851026036545,4.066981208780443,0
608,49.243851026036545,4.066981208780443,0
609,49.243851026036545,4.066981208780443,0
610,49.243851026036545,4.066981208780443,0
611,49.243851026036545,4.066981208780443,0
612,49.243851026036545,4.066981208780443,0
613,49.243851026036545,4.066981208780443,0
614,49.243851026036545,4.066981208780443,0
615,49.243851026036545,4.066981208780443,0
616,49.243851158366134,4.066981287099931,0
617,49.24385510371448,4.0669822783962655,0
618,49.24385510371448,4.0669822783962655,0
619,49.24385510371448,4.0669822783962655,0
620,49.24385510371448,4.0669822783962655,0
621,49.24385510371448,4.0669822783962655,0
622,49.24385510102985,4.066982279510144,0
623,0,0,0
624,0,0,0
625,49.24385352595955,4.066956239529531,0
626,49.24385352595955,4.066956239529531,0
627,49.243849104655986,4.06697404287461,0
628,49.243849104655986,4.06697404287461,0
629,0,0,0
630,0,0,0
631,49.243919889945815,4.066997928752677,0
632,49.243919889945815,4.066997928752677,0
633,49.243919889945815,4.066997928752677,0
634,49.243919889945815,4.066997928752677,0
635,49.24388800340181,4.067001049930783,0
636,49.24381953322335,4.066956827355118,0
637,49.24381953322335,4.066956827355118,0
638,49.24381953322335,4.066956827355118,0
639,49.24381953322335,4.066956827355118,0
640,49.24381953322335,4.066956827355118,0
641,49.24381953322335,4.066956827355118,0
642,49.24387947078432,4.066997555650767,0
643,49.243846628609234,4.066945698181419,0
644,49.243846628609234,4.066945698181419,0
645,49.243846628609234,4.066945698181419,0
646,49.243846628609234,4.066945698181419,0
647,0,0,0
648,0,0,0
649,49.243853068702215,4.066946300312407,0
650,49.243853068702215,4.066946300312407,0
651,49.24385203166827,4.066946732020801,0
652,49.243868320240956,4.066966198827972,0
653,49.243868320240956,4.066966198827972,0
654,49.243868320240956,4.066966198827972,0
655,49.243868320240956,4.066966198827972,0
656,49.2438563483531,4.066936667777733,0
657,49.2438563483531,4.066936667777733,0
658,49.2438563483531,4.066936667777733,0
659,49.2438563483531,4.066936667777733,0
660,49.2438563483531,4.066936667777733,0
661,49.2438563483531,4.066936667777733,0
662,49.24384434444931,4.066906452255648,0
663,49.24378970763284,4.066780711983405,0
664,49.24378757812085,4.066771933476543,0
665,49.24378757812085,4.066771933476543,0
666,49.2437871575893,4.066771743384781,0
667,49.2437871575893,4.066771743384781,0
668,49.2437871575893,4.066771743384781,0
669,49.24378869398289,4.066769660709461,0
670,49.24378869398289,4.066769660709461,0
671,49.24378869398289,4.066769660709461,0
672,49.24378869398289,4.066769660709461,0
673,49.24378869398289,4.066769660709461,0
674,49.24378869398289,4.066769660709461,0
675,49.24378869398289,4.066769660709461,0
676,49.24378869398289,4.066769660709461,0
677,49.24375506584753,4.06671976150422,0
678,49.24375506584753,4.06671976150422,0
679,49.243751624663965,4.066715650549082,0
680,49.243751624663965,4.066715650549082,0
681,49.243751624663965,4.066715650549082,0
682,49.243751624663965,4.066715650549082,0
683,49.243751624663965,4.066715650549082,0
684,49.243751624663965,4.066715650549082,0
685,49.243751624663965,4.066715650549082,0
686,49.24373405266598,4.066701072354237,0
687,49.24373405266598,4.066701072354237,0
688,49.24373405266598,4.066701072354237,0
689,49.24373405266598,4.066701072354237,0
690,49.24373608173969,4.066683725907067,0
691,49.24373608173969,4.066683725907067,0
692,49.24374305710119,4.066708947179552,0
693,49.243732712682394,4.066722334932033,0
694,49.24371676113928,4.066736616424854,0
695,49.243691042711035,4.066762098108171,1.2544982433319092
696,49.24367078787625,4.066766855349431,1.2544982433319092
697,49.24365402308111,4.066770769092092,1.1087419986724854
698,49.24363865410986,4.066777301621828,1.2655965089797974
699,49.24362194064422,4.066781891428515,1.2655965089797974
700,49.24350266896029,4.066919929666813,1.2655965089797974
701,49.2434943543464,4.0669202326128815,1.1374430656433105
702,49.24347073261281,4.066919303923799,1.5376797914505005
703,49.243451672050575,4.066923142148686,1.5376797914505005
704,49.24343785117714,4.066922572908008,1.5376797914504556
705,49.24342606682708,4.066915369180121,1.5394437313079385
706,49.24341851287916,4.066899943377887,1.3819924592971473
707,49.24341467184057,4.066882015342031,1.3819924592971475
708,49.24342028635358,4.0668604742308805,1.3254430294036579
709,49.24342202727608,4.066848564389005,1.3201628923415853
710,49.243423739346696,4.066829221512238,1.2196538448333516
711,49.243423739346696,4.066829221512238,1.2196538448333516
712,49.243423739346696,4.066829221512238,1.2196538448333516
713,49.24348267961116,4.065957192508705,0
714,49.24348267961116,4.065957192508705,0
715,49.24348267961116,4.065957192508705,0
716,49.24346494556722,4.065818150639802,0.8886185884475708
717,49.24347656225642,4.065807054083599,1.0647295713424683
718,49.243472666268545,4.065797445851985,0
719,49.243464338804074,4.0657887957769425,0.9418437480926514
720,49.24347166748925,4.065775047631053,0.9516046643257141
721,49.24348151701573,4.065767515271988,0.9516046643257141
722,49.24347628976476,4.065758801936981,0.7414231896400452
723,49.2434736215373,4.065748209689173,0.7134488224983215
724,49.2434757527942,4.065724793233023,0.7134488224983215
725,49.24348764696799,4.065692472027181,0.9320048093795776
726,49.24348612697787,4.065680181546364,0.9643957614898682
727,49.24347731492921,4.0656772988998435,0.9320048093795776
728,49.24347552041104,4.065663127914567,0.9215487837791443
729,49.243474314847674,4.065650606695935,0.9215487837791346
730,49.24347358282727,4.065635112995879,0.9541620016097916
731,49.243470712205585,4.0656203393088415,0.9541620016097917
732,49.24347018457386,4.065609810340908,0.9239389300346277
733,49.24346999005967,4.0656013881148025,0.9239389300346277
734,49.24347076727623,4.065588009659498,0.9173517227172758
735,49.24347246627499,4.065573302164941,0.9173517227172757
736,49.243477688674055,4.065558728064148,0.9019132852554232
737,49.24347595145703,4.065545402184965,0.9019132852554231
738,49.24347354896259,4.0655220891750625,0.9047678112983614
739,49.24347512882701,4.065504324436174,0.9632548093795666
740,49.2434783645915,4.065486986085762,0.9746040105819589
741,49.24347898430926,4.065475513878913,0.9632548093795666
742,49.2434326538806,4.065366898821597,0
743,0,0,0
744,0,0,0
745,49.243152512036374,4.063197972421255,0
746,49.243152512036374,4.063197972421255,0
747,49.243152512036374,4.063197972421255,0
748,49.24319664479797,4.063633980684769,1.6548470258712769
749,49.24341867127059,4.063683733545241,1.6786550283432007
750,49.24340462829821,4.063690232150954,1.6548470258712769
751,49.243392351293636,4.0637199432691045,1.6786550283432007
752,49.24337929576917,4.06372023731307,1.800706148147583
753,49.24336625189693,4.063717233537887,1.800706148147583
754,49.24335109873323,4.063719078322624,1.699887990951538
755,49.243336921403504,4.063722296133399,1.697682499885559
756,49.24332405671682,4.063724922339431,1.58835768699646
757,49.24331333123357,4.063724251321628,1.58835768699646
758,49.24330300305586,4.063723506879632,1.524707317352295
759,49.24328877860251,4.063720748217614,1.5207912921905518
760,49.24327537849724,4.063716587763407,1.5207912921905082
761,49.24326294323243,4.063721676407897,1.513684153556781
762,49.24325548772412,4.063722450421051,1.5136841535567809
763,49.243245497243635,4.063728647891772,1.4084253311156878
764,49.243234057456874,4.0637303642763785,1.3999040126800197
765,49.243221936592086,4.063729269979065,1.408425331115688
766,49.24320811775874,4.063729688971925,1.4344642162322634
767,49.2431953705323,4.063727000677018,1.4344642162322636
768,49.243181324277124,4.06372609071094,1.4344642162322634
769,49.243168120506226,4.063726656109909,1.4205212593078258
770,49.243154774158484,4.06372131093921,1.4467165470122916
771,49.24314188823001,4.063718454488871,1.454094648361168
772,49.24313007879241,4.063714898232324,1.4540946483611683
773,49.243119077130736,4.06371367472163,1.418687224388087
774,49.24310931816728,4.063710674239738,1.378692626953093
775,49.24309723604572,4.063705459177709,1.3652485609054255
776,49.24308454342031,4.06370759757646,1.3825125694274574
777,49.243068203984656,4.063708143159493,1.4387068748473755
778,49.24303887700918,4.063714608260216,1.448302030563317
779,49.24302150721739,4.063729309114912,1.396519482300902
780,49.24300535808063,4.063723571545794,1.5745421762053686
781,49.24299200888031,4.063726945105655,1.6029852550567654
782,49.24298135594856,4.063724215661529,1.3084113544405422
783,49.24296759509089,4.063714401888921,1.3326256831714502
784,49.24295779449606,4.063695068242037,1.4940609573252461
785,49.242953322146846,4.063675907055021,1.3118628855186112
786,49.24296100574183,4.063661206098432,1.1064109918528573
787,49.24296453656608,4.063628161515705,1.7541119945241708
788,49.242967639037126,4.0636076924447835,1.5785368179595909
789,49.24296755508651,4.063586953030711,1.5753622707783304
790,49.2429649192942,4.063565162375123,1.592444302116459
791,49.24296806925299,4.0635483424143795,1.5519512596711758
792,49.24296999706209,4.063531523389241,1.5371218578836103
793,49.24297204972149,4.063512980733569,1.5335036021276736
794,49.242973961657114,4.063495696555925,1.5441618518406885
795,49.24297288174901,4.063476061178642,1.527193887561289
796,49.24297498281209,4.063456746803176,1.5351766130095412
797,49.24297603918855,4.063438036455484,1.5439345263343693
798,49.24297569070431,4.063417596675396,1.5423570427349973
799,49.24297102167523,4.063396276678807,1.5610609065066208
800,49.2429759062618,4.0633763666575,1.5580898318055416
801,49.2429776975383,4.063355368741567,1.5702247626359043
802,49.242979111221096,4.063338220268141,1.5058195506548724
803,49.24298105335348,4.063321281137293,1.508542009132417
804,49.2429812935249,4.06330077900598,1.562526081481572
805,49.24298683669772,4.0632851607741225,1.5181420237848229
806,49.242985110065895,4.063265180125318,1.5243845160796912
807,49.24298537968211,4.063244065622294,1.5361763104107173
808,49.242983530157126,4.063224516554923,1.533772133316276
809,49.24298705770431,4.063203685354175,1.543726951142293
810,49.24298494309631,4.063184742045209,1.511435089809916
811,49.24298647933483,4.063167615197851,1.4829794641270917
812,49.242985505716824,4.06315168529479,1.3775061353794253
813,49.242985877020914,4.063131867732365,1.4958599203415464
814,49.24298422133219,4.0631108643764104,1.5426253790274826
815,49.242982926701586,4.063091201190585,1.5192124425493545
816,49.24298243639682,4.063070945634759,1.5247862654159534
817,49.242981989062336,4.063052727086426,1.5205049293359467
818,49.24298653458024,4.063032486959629,1.5319256507990768
819,49.24299205013594,4.063013650380705,1.5366677288588575
820,49.24299283422611,4.062992958224327,1.5344443011419506
821,49.24299282755218,4.062971337432253,1.5355058631267051
822,49.24298482540522,4.062952602932879,1.5244424497067748
823,49.242983625562495,4.0629340090344535,1.4970333010316752
824,49.24298843441033,4.062916029441141,1.4706429398271101
825,49.24299232996033,4.062902131297411,1.271652761303023
826,49.24299299457827,4.062890165252267,1.080705414540654
827,49.242992315158716,4.062869541483513,1.297559428877211
828,49.242993729996044,4.062847663679116,1.4080038011131986
829,49.242993623474554,4.062827726380519,1.4015689519244212
830,49.242994029500935,4.0628083654499125,1.40836690405327
831,49.242996103726256,4.062788682281434,1.386444526375148
832,49.24299837296558,4.062765217657508,1.5307440781055048
833,49.24300246047344,4.0627433684131224,1.5624100293403964
834,49.243003799788376,4.062722724660869,1.5290651114389224
835,49.24300555412603,4.062701083566715,1.5160150526764355
836,49.24300984971065,4.062679331068055,1.5264185383901419
837,49.24301804589625,4.062665462086148,1.33841911037133
838,49.24302038094017,4.0626503502227616,1.2860098489690306
839,49.24301957453762,4.0626331078968745,1.1015353186813592
840,49.24301427726173,4.062614088476461,1.2161194692631223
841,49.24301402618041,4.062600996380108,1.0185943744930703
842,49.243015899482664,4.062601846608705,0.46063418024360836
843,49.24301760073151,4.062592168557224,0.5550850154904634
844,49.2430192734301,4.06255900443095,1.4215896567473723
845,49.24301728945925,4.062541835852722,1.5062335863297902
846,49.24301835629742,4.062526188494408,1.434283577576994
847,49.2430200789801,4.062514274872067,1.2787279842906436
848,49.243023973804526,4.062504736106169,1.1113294543419447
849,49.24302712850961,4.062507736894285,0.40369930045839486
850,49.24302448008584,4.062497210175853,0.537876098755714
851,49.24302302530222,4.062467284516157,1.222092056152856
852,49.24302460604997,4.0624444795539985,1.3804280986358564
853,49.24302891700673,4.062434090589647,1.2127981870401954
854,49.243026299293284,4.0624228045314466,0.799100503495532
855,49.24302556025665,4.062396446967654,1.3046618484778945
856,49.24301958523561,4.062373462281205,1.5383471908706068
857,49.243019691885216,4.062354960755509,1.5121553344425243
858,49.24301923763711,4.0623412639732654,1.307305036523373
859,49.243022114790655,4.0623323360928625,0.895634299582855
860,49.24302965017189,4.06231011114074,1.2867020583226487
861,49.243027224922514,4.0622876151487946,1.450719424737255
862,49.24301898039442,4.062264387229814,1.3193033180119933
863,49.24301457231513,4.062237911457386,0.7713583457624523
864,49.24301249028411,4.062208819896871,1.1610546399343489
865,49.2430154980296,4.06226350975651,0.3485205938928089
866,49.243002870047434,4.062194421812461,0.8045236843621517
867,49.24299075578428,4.062166613068664,1.138086696322224
868,49.24299387292812,4.062128245761091,1.7122108328414893
869,49.24299550720621,4.06210886532545,1.5133407702464534
870,49.2429918695802,4.062097076087196,1.0312711558781111
871,49.24298324851868,4.0620731010897355,1.2683220278989842
872,49.24298259581904,4.062048103794399,1.4728587914941746
873,49.24298690525395,4.062021323619001,1.5679097846549797
874,49.24299042781737,4.062003274563034,1.5237081559822465
875,49.24298889627926,4.061982531737668,1.5427376412073635
876,49.24298672676116,4.061960846374847,1.5376637399740003
877,49.24297866037758,4.061941923473443,1.4804388385699336
878,49.242966097985516,4.061938721787269,1.4343029509388705
879,49.24295620565652,4.061957976262717,0.8590099136998255
880,49.24294793802924,4.061969046952501,1.015812196980686
881,49.242943378155545,4.0619685161365915,0.6316941296250679
882,49.242922106280545,4.061974544557656,1.316213357798903
883,49.242907995576545,4.0619726972317265,1.3899163690431668
884,49.242891770943885,4.061961372830831,1.5997312141134057
885,49.2428810832165,4.061964002718134,1.5299761968715058
886,49.24286794602468,4.061977454844431,1.555908032008378
887,49.24285223302101,4.061968983112547,1.6051960537417873
888,49.24283925406672,4.061962397236489,1.5927662678952212
889,49.242826754273096,4.061959753962377,1.525529787823838
890,49.242814702532435,4.061945510297401,1.5753070902913768
891,49.24280356318614,4.061948115268726,1.5195455871513093
892,49.24279386180579,4.061950864581611,1.3826276378742062
893,49.242777880166265,4.0619418647801036,1.5535446389281073
894,49.24276509221746,4.061949485103805,1.5337360613714632
895,49.24275555011037,4.061947393441009,1.1713102516284268
896,49.24274893183425,4.0619452357885555,0.8132245195230379
897,49.242735563205265,4.0619401945352,1.2114747216404886
898,49.24272372982265,4.06193510363481,1.3421130440586138
899,49.242711741874395,4.061935957085744,1.2690679373403837
900,49.242698514059384,4.061925587189662,1.3839848969982502
901,49.24268511707318,4.0619240606480025,1.3413545140365202
902,49.24267863289992,4.061924503136666,0.9743618405775076
903,49.242668381747464,4.061931940806337,0.9208870798231893
904,49.24265997407288,4.061944142540975,0.9363490525922882
905,49.242635191398236,4.061949557445004,1.7191282834851782
906,49.24262274603049,4.061925459866281,1.5207789739632043
907,49.24260941597142,4.061913252731635,1.5393633705526153
908,49.24259496793868,4.061896382122527,1.592000046326817
909,49.242579950481094,4.061887509254618,1.564820394453594
910,49.24256734147215,4.061881691927041,1.553907106409415
911,49.242555810753665,4.0618825131510405,1.5009346574588265
912,49.24254747154141,4.061873249961055,1.2408411518220919
913,49.2425460292118,4.0618739093313865,0.6054814469792518
914,49.24253682427467,4.061877515280248,0.8733132832178545
915,49.24252248720773,4.061864837464755,1.1509024095859828
916,49.242518933351434,4.061863442140136,0.7399220191846264
917,49.242509687386885,4.061864489429022,0.8436905045816303
918,49.24250002287631,4.06186202898565,0.9185070749651771
919,49.24248763668057,4.061853799508007,1.120362613192102
920,49.24247795532198,4.061837027431462,0.9790022771212229
921,49.24246535781899,4.0618261266139095,1.1553681831351208
922,49.24245335250513,4.061818588941181,1.3003851380836176
923,49.242436844268205,4.061795521442166,1.593780587196828
924,49.242427404190586,4.061775075910907,1.4955150409904503
925,49.242411317335964,4.0617697839555,1.5543840267727347
926,49.24239725106118,4.061754517740329,1.6028456936713986
927,49.24238179358398,4.0617315662861575,1.6546554245080827
928,49.242368908689386,4.061714350232907,1.6223867138255574
929,49.24235494156019,4.061703106163704,1.5893037928558698
930,49.24234079176524,4.061691912626893,1.6170727753112355
931,49.242327799365334,4.06167718546662,1.6293424866858188
932,49.24232572162436,4.061646063224111,1.6259693711240493
933,49.242315798140915,4.061628271773435,1.6356624365508463
934,49.242304130859885,4.061613875910174,1.6422131214007762
935,49.24229884436824,4.061600991785512,1.584826550368841
936,49.242285310537326,4.0615892684775625,1.6734634110604099
937,49.242271302518546,4.061577712814167,1.678396243938248
938,49.242259249787175,4.061567481473384,1.6379178420495006
939,49.24224860021228,4.061558170317897,1.5714629819409924
940,49.242239793695184,4.061546019812691,1.4641335769904864
941,49.24222824165692,4.061535247109686,1.513387513949583
942,49.24221497635643,4.061528787202173,1.5735686006633964
943,49.24220135226304,4.061514690252748,1.6225493539457623
944,49.242187084316555,4.06151119460019,1.599809213941717
945,49.242174694927435,4.061513948993344,1.4913054650308153
946,49.24216664968866,4.06151725519085,1.2005261949122386
947,49.24215583926052,4.061501351504852,1.231070114987188
948,49.24214518983287,4.061471628367962,1.6386815536045756
949,49.24213637502491,4.0614497902379,1.595944794026239
950,49.242125376414464,4.061431422005308,1.576508722127139
951,49.24211416980963,4.061416003789084,1.5789226081675005
952,49.24210395951608,4.061395194821487,1.582103716479365
953,49.24209951129778,4.061371108466086,1.4484715591095303
954,49.24209263938785,4.061361859888377,1.2442884659938727
955,49.24208014687848,4.061355786054984,1.3454187434251341
956,49.24206714599818,4.061342704625316,1.587897756224568
957,49.24205375102228,4.0613320845508865,1.636142353413334
958,49.24204398546084,4.061317134876418,1.5773683590312688
959,49.2420366437739,4.061302256900922,1.5383119187630219
960,49.242028647353266,4.061287574734503,1.54592239127935
961,49.24202032078214,4.061272968336196,1.5840749200221302
962,49.24200953390871,4.061260578836022,1.619676595022604
963,49.24200115433728,4.0612474941571755,1.6045088802683147
964,49.24199441863642,4.061236292045284,1.577423277467067
965,49.24198371114168,4.061223474028638,1.5807227951566432
966,49.24197305314455,4.061211996375846,1.6013405040782633
967,49.24196103575413,4.061200291344396,1.6524387545286336
968,49.241952471733384,4.06118512534401,1.6095560778223248
969,49.24194339573352,4.06117178041431,1.5746038672768539
970,49.24193590067096,4.061159575552276,1.5731962208021162
971,49.24192702647562,4.061147219718607,1.6033845150919528
972,49.24191934453697,4.0611308634138465,1.6103432960580775
973,49.241906988205784,4.061120161429291,1.6316012036031675
974,49.241898013853564,4.061104821241589,1.582646787438816
975,49.24188737719002,4.061091866766706,1.5844570050140583
976,49.24187719348404,4.061083272139464,1.5578651341612713
977,49.2418660137075,4.061070731227394,1.5784253063039984
978,49.241854671852195,4.061058691931767,1.5874154131691451
979,49.24184572155639,4.061046683647575,1.5673233514541574
980,49.24183615654144,4.061035059854079,1.5369776237860033
981,49.24182842393482,4.061022538713928,1.5567705288354492
982,49.241819820882256,4.06100568608757,1.575937182023226
983,49.241809552685105,4.060995812027752,1.5670616355653633
984,49.24179813988816,4.060983195106056,1.58153381502956
985,49.241794705871825,4.060957169106,1.5743390257633543
986,49.24179543691589,4.060929078195937,1.5787271820114759
987,49.241803671499284,4.060907620225519,1.4305345265692635
988,49.24181305533826,4.0608884420516524,1.4724742960208863
989,49.24182207894865,4.060869176061583,1.568489411130067
990,49.241835657150844,4.060849930763533,1.6204337136352611
991,49.24184798243257,4.060833931364907,1.4944601608570567
992,49.241853570155186,4.060816022728749,1.388433469384498
993,49.24185152520493,4.060790797931064,1.4854431268150508
994,49.24185479305715,4.060777266008767,1.2568768531614907
995,49.24184702912017,4.0607620852758375,0.911848135623914
996,49.2418453507642,4.060762695209972,0.19143432154117107
997,49.24183648697434,4.060755201969296,0.295840566594091
998,49.240533107077574,4.061920673816114,0
999,49.240533288844645,4.061929472339541,0
1000,0,0,0
1001,0,0,0
1002,49.24053293451306,4.061922669909194,0
1003,49.24053293451306,4.061922669909194,0
1004,49.24053293451306,4.061922669909194,0
1005,49.24053293451306,4.061922669909194,0
1006,49.24053293451306,4.061922669909194,0
1007,49.24053293451306,4.061922669909194,0
1008,49.24053302896005,4.061923974255779,0
1009,49.24053307327614,4.061924763944461,0
1010,49.24053307327614,4.061924763944461,0
1011,49.24053307327614,4.061924763944461,0
1012,49.24053307327614,4.061924763944461,0
1013,49.24053307327614,4.061924763944461,0
1014,49.24053296045836,4.061924696527282,0
1015,49.24053284654803,4.0619224251784365,0
1016,49.24053295536256,4.061925817118889,0
1017,49.24053295536256,4.061925817118889,0
1018,49.24053295536256,4.061925817118889,0
1019,49.24053295703156,4.061925855754259,0
1020,49.24053295703156,4.061925855754259,0
1021,49.24053295703156,4.061925855754259,0
1022,49.24053295703156,4.061925855754259,0
1023,49.24053295703156,4.061925855754259,0
1024,49.24053295703156,4.061925855754259,0
1025,49.24053295703156,4.061925855754259,0
1026,49.240532942428956,4.061924668234444,0
1027,49.24053295651327,4.061924919209257,0
1028,49.24053295651327,4.061924919209257,0
1029,49.24053295651327,4.061924919209257,0
1030,49.24053295651327,4.061924919209257,0
1031,49.2405327259166,4.061924681771926,0
1032,49.24053249119947,4.06192443689032,0
1033,49.2405307547315,4.061921662963158,0
1034,49.240529822212565,4.0619195037192775,0
1035,49.24052814299659,4.061918038356537,0
1036,49.24052307969995,4.061899700332049,0
1037,49.24051794463538,4.061878607930411,0.10501968860626221
1038,49.2405173673315,4.061872330294633,0
1039,49.24051674945766,4.061871547364951,0
1040,49.24051081241519,4.061868985477058,0
1041,49.24050978231022,4.061870500553163,0
1042,49.24050633667385,4.061871382159679,0.09772873669862747
1043,49.24050633667274,4.061871382157847,0.09772873669862747
1044,49.24050559424157,4.061872379388161,0.12477518618106842
1045,49.2405042165995,4.061871523968206,0
1046,49.24050506638867,4.061871307527137,0
1047,49.24050506638886,4.061871307527355,0
1048,49.24050397383565,4.061869676910427,0
1049,49.24050278977872,4.0618679097257715,0
1050,49.24050256872232,4.061867579802887,0
1051,49.240502337278684,4.061867234377227,0
1052,49.240499229896656,4.061873085966302,0.10844513028860092
1053,49.24049813249374,4.06187190120197,0
1054,49.24049389560889,4.061875766060132,0.19160214066505432
1055,49.240496045084015,4.061869647607286,0
1056,49.240495026908,4.06186854837695,0
1057,49.24049404095219,4.061867483931783,0
1058,49.24049224307385,4.0618765515708235,0.3623792827129364
1059,49.24049280533418,4.06186614992267,0
1060,49.24049406915275,4.061876971603888,0.3623792827129358
1061,49.24049306713331,4.0618757084915655,0
1062,49.240493029869455,4.06187571084784,0.3878515362739563
1063,49.24049342255745,4.061875710844338,0.38785153627395563
1064,49.24049342255745,4.061875710844338,0.38785153627395563
1065,49.24046728065599,4.06182909739178,0
1066,49.240466620435015,4.061828761593073,0
1067,49.240465948216595,4.0618286381289925,0
1068,49.24046480065966,4.061828069390499,0
1069,49.24046344794555,4.061827825961785,0
1070,49.24046163562168,4.061826340988553,0
1071,49.240462078334524,4.0618245312360415,0
1072,49.24046330246036,4.061826734243218,0
1073,49.24046486798904,4.061829591449081,0
1074,49.240466798395474,4.061833975113432,0
1075,49.240469448452004,4.06183755778358,0
1076,49.24040037227233,4.061735232163725,0
1077,49.24040442045081,4.061738721038823,0
1078,49.240402958020134,4.061752113628276,0
1079,49.24040508735382,4.061759534962229,0
1080,49.2404062118098,4.061764597214802,0
1081,49.24040830533589,4.061767878364172,0
1082,49.2404113906492,4.061770626410978,0
1083,49.24041470098002,4.061773254902237,0
1084,49.24041806777955,4.061775612264227,0
1085,49.24042155864944,4.061777847963857,0
1086,49.240425144328945,4.061779856795598,0
1087,49.24042882069844,4.061781479840773,0
1088,49.240415612494104,4.061758181215874,0
1089,49.24041685095577,4.061760260210735,0
1090,49.24041695060372,4.061761991022,0
1091,49.24041616919146,4.061764535337183,0
1092,49.240415186186155,4.061767886552223,0
1093,49.2404144253591,4.0617714428739635,0
1094,49.240414185701496,4.061774205312003,0
1095,49.240414185701496,4.061774205312003,0
1096,49.240387812328095,4.061744564353542,0
1097,49.24038666335838,4.0617468871419256,0
1098,49.24038567633851,4.061748882528105,0
1099,49.240384821736015,4.061750610215728,0
1100,49.240384076640915,4.061752116520227,0
1101,49.24038342296162,4.061753438016049,0
1102,49.24038284708064,4.061754602232666,0
1103,49.24038233745853,4.061755632498581,0
1104,49.240381884852006,4.061756547500219,0
1105,49.24038148170072,4.06175736252181,0
1106,49.24038148170072,4.06175736252181,0
1107,49.24038148170072,4.06175736252181,0
1108,49.24038148170072,4.06175736252181,0
1109,49.24038148170072,4.06175736252181,0
1110,49.24038148170072,4.06175736252181,0
1111,49.24038148170072,4.06175736252181,0
1112,49.24038148170072,4.06175736252181,0
1113,49.24038148170072,4.06175736252181,0
1114,49.24038148170072,4.06175736252181,0
1115,49.24038148170072,4.06175736252181,0
1116,49.24038148170072,4.06175736252181,0
1117,49.24038148170072,4.06175736252181,0
1118,49.24036060387578,4.061715603542237,0
1119,49.24036060387578,4.061715603542237,0
1120,49.24036060387578,4.061715603542237,0
1121,49.24036060387578,4.061715603542237,0
1122,49.24036060387578,4.061715603542237,0
1123,49.24036060387578,4.061715603542237,0
1124,49.24036060387578,4.061715603542237,0
1125,49.24036060387578,4.061715603542237,0
1126,49.24036060387578,4.061715603542237,0
1127,49.24036060387578,4.061715603542237,0
1128,49.24036060387578,4.061715603542237,0
1129,49.24036060387578,4.061715603542237,0
1130,49.240353296281256,4.061700987187739,0
1131,49.240353296281256,4.061700987187739,0
1132,49.240353296281256,4.061700987187739,0
1133,49.240353296281256,4.061700987187739,0
1134,49.240353296281256,4.061700987187739,0
1135,49.24035329624185,4.061700987108934,0
1136,49.24035329624185,4.061700987108934,0
1137,49.24035329623247,4.061700987090167,0
1138,49.24035329623247,4.061700987090167,0
1139,49.24035329623247,4.061700987090167,0
1140,49.24035329623247,4.061700987090167,0
1141,49.24035329623247,4.061700987090167,0
1142,0,0,0
1143,49.24413114346623,4.0565718987366255,1.6318361188300838
1144,49.24418935877689,4.056499062050609,1.5948274881440263
1145,49.2440234428776,4.056776157795321,1.8618408537052547
1146,49.24416678882807,4.05651840410081,1.5933901622647377
1147,49.24405712108907,4.056734337885018,1.6394103086036664
1148,49.24411375611818,4.056604337146166,1.6092597886030278
1149,49.243935434537605,4.056930555585104,1.5737618207931037
1150,49.243896023860586,4.057002996420912,1.584829330444287
1151,49.24386958987355,4.057069453309652,1.2915694713592265
1152,49.243818184944374,4.0571565444150846,1.4782540798187256
1153,49.244156143044286,4.056527871568592,1.5680094697127755
1154,49.243923145756284,4.056943788344926,1.5567522048949733
1155,49.243782991831026,4.05720277887843,1.2080663442611694
1156,49.24386012811112,4.057096159784336,1.3392832279205025
1157,49.2438276986046,4.057142367031742,1.4782540798186856
1158,49.24391543930589,4.0569592655833535,1.5713535547255997
1159,49.244065906134544,4.056693055914912,1.624783312468275
1160,49.2439895820643,4.056841846931317,1.5232739323265603
1161,49.244098391867496,4.05664040142595,1.7153096166949977
1162,49.24401084013032,4.056821925411629,1.949313746869239
1163,49.24386472721635,4.0570843910241035,1.2915694713592263
1164,49.243906422953465,4.0569800783614545,1.5713535547255995
1165,49.24401535271382,4.0568044383847255,1.5181701577959885
1166,49.24380845040936,4.057170177198012,1.4782540798187256
1167,49.24403361785157,4.056765266635806,1.5940145458686523
1168,49.24412173480268,4.056586668675433,1.6303169927395529
1169,49.24379584527968,4.057186062904302,1.4100532531738281
1170,49.2438506484205,4.057108776490512,1.3392832279205027
1171,49.24388634719174,4.057029996417422,1.4814572334289153
1172,49.244181188014124,4.056515195639069,1.5982627903630067
1173,49.243876410614796,4.057052757088859,1.2985265254974097
1174,49.2437682786704,4.0572194416010285,1.152997612953186
1175,49.24410800976709,4.056622635971456,1.6969913651973372
1176,49.243971923887145,4.056867081801587,1.5525479316710966
1177,49.244148233676974,4.056540493244247,1.6202772104351393
1178,49.24394348249736,4.056909868842873,1.5955537557601431
1179,49.24406636950091,4.056673832923031,1.5543595638552798
1180,49.243992045811645,4.056842059043137,1.5206302404403254
1181,49.24406240774843,4.056716022286847,1.6101719057643835
1182,49.24384615336656,4.057116121256778,1.4278149604797006
1183,49.24395304253073,4.056894014209092,1.5895626544951897
1184,49.24400045821237,4.056827203023921,1.74375482030906
1185,49.243961699333234,4.0568795711082215,1.5895626544951897
1186,49.243982760270505,4.056856450727643,1.5206302404403251
1187,49.24419354738272,4.056478090288743,1.5620051465490643
1188,49.24408235818295,4.056656397539776,1.6851632543090693
1189,49.243759623330575,4.057230470953315,1.152997612953186
1190,49.243835753145525,4.057127863554069,1.4782540798186858
1191,49.244139498050295,4.056556156801315,1.5911194314821435
1192,0,0,0
1193,49.244045471891866,4.056749392584081,1.6149170385940543
1194,49.24419897348171,4.056453924767775,1.6444056446893691
1195,49.24421141223035,4.056436502650854,1.6824299274552557
1196,49.24422281985454,4.056422473020927,1.673961615389436
1197,49.24423455425839,4.056404080181472,1.6984354074930985
1198,49.244244138422175,4.056388561111358,1.5643563645309992
1199,49.244250082487405,4.0563742457089695,1.3705154073392993
1200,49.24426386078523,4.056362624986751,1.593493178827335
1201,49.244273318562925,4.056343187532293,1.6446029040750114
1202,49.24428438422642,4.056333257043491,1.598830288709519
1203,49.24429356999349,4.056321787538986,1.6207667402492862
1204,49.24430290317472,4.056306306830896,1.6113452281530427
1205,49.244313106544965,4.056292292935185,1.6102208649210554
1206,49.24432372248426,4.056277788098484,1.6110230007299013
1207,49.24433401385356,4.056266082849213,1.6169906356683077
1208,49.24434387864078,4.056245337083094,1.635656868481982
1209,49.24435535648056,4.0562258677035565,1.6939829081872984
1210,49.24436675653902,4.056212473854778,1.6480128632919757
1211,49.24437408754545,4.056191028732511,1.6396319205114358
1212,49.24438412197319,4.056169832749434,1.668398471483775
1213,49.24439532953467,4.056155020074299,1.6638247520525105
1214,49.24440488780034,4.056135933635505,1.6642592598124015
1215,49.244417567083254,4.056119288026076,1.6789929084765334
1216,49.244425949492275,4.056102585991159,1.6085179415948136
1217,49.244429630439406,4.056081890598921,1.5638009593911342
1218,49.24443838549905,4.056066816140403,1.6175836354063244
1219,49.244449886333676,4.056054558828065,1.6467364753037559
1220,49.24445895335709,4.05603799721869,1.6230478666110941
1221,49.24446369028333,4.056021748037663,1.5722071879324537
1222,49.24447096049174,4.056006044244629,1.5735342494621776
1223,49.24447869598315,4.055986092418399,1.6421298376887674
1224,49.24448513392213,4.055965545840244,1.6178948725071467
1225,49.24449669412956,4.055948561814946,1.6554453052236187
1226,49.24450397638969,4.055928506086785,1.6708928383324246
1227,49.244513732589226,4.0559098865662575,1.6774489704911477
1228,49.2445236483766,4.055892438677619,1.6701670120538377
1229,49.24453399978637,4.055875473832141,1.6504462201149601
1230,49.24454303107803,4.055863939762385,1.555516016733978
1231,49.244551880115694,4.055847954057922,1.567840144631621
1232,49.244562354144875,4.055833481607604,1.651527131811014
1233,49.24457217098315,4.0558199247987625,1.6409737372243416
1234,49.24457982549255,4.055802992910204,1.5985822837484647
1235,49.24458894869864,4.0557896896191865,1.614840403498196
1236,49.24459620587716,4.055773025676907,1.5926949639915695
1237,49.24460309659031,4.055753348365312,1.6143801379278688
1238,49.24461226603609,4.055734687149372,1.6702985306943625
1239,49.24462101862933,4.055714473026973,1.6993556433535777
1240,49.24463558493773,4.0557031595013315,1.6786125287067672
1241,49.24464847247082,4.055689440959964,1.6566397956839929
1242,49.244656357929436,4.055673759530195,1.5956263507242976
1243,49.24466529184333,4.055659524789649,1.5876845561622273
1244,49.24467223442806,4.055644221862639,1.5687873485452548
1245,49.244682484926834,4.0556330441476796,1.6219406423188454
1246,49.244689443832115,4.055616395283651,1.5676178282632318
1247,49.24469518533468,4.055599354725373,1.4805255961379502
1248,49.24469810041962,4.055578209653338,1.4927900033675365
1249,49.24469939731488,4.055552839423886,1.612049737971147
1250,49.244708794818436,4.055535090338067,1.6227068510973297
1251,49.24471763848195,4.055516270927138,1.6531813293422424
1252,49.24473021278565,4.055505704670109,1.6319972458992127
1253,49.24473828484418,4.055486275535984,1.641757143827519
1254,49.24475035009099,4.055472272240719,1.6598537002026486
1255,49.24475889570292,4.055453011022835,1.6407665837555097
1256,49.24476521598093,4.055431383108311,1.6232831284774356
1257,49.2447695763431,4.055411255844347,1.475884394708939
1258,49.244778456960454,4.055392956339447,1.5657173807733875
1259,49.24478553070851,4.0553785623413985,1.5722534968181332
1260,49.2448009447257,4.055378174307655,1.600352327249091
1261,49.2448164494482,4.05537472276641,1.6303753545190216
1262,49.24482790954689,4.055364379351036,1.6230847536057869
1263,49.24483674038812,4.055356568202315,1.5710366112437983
1264,49.24485012962377,4.055350894818855,1.5932709896766382
1265,49.24486730413771,4.055351232507462,1.6010491872936954
1266,49.24488327731224,4.0553529478750034,1.634377642702143
1267,49.24489856291332,4.055347350464013,1.6421062330024527
1268,49.244911440009645,4.0553359088452,1.6047874523912193
1269,49.24492313934094,4.055317543976835,1.6291652097327392
1270,49.24493709364879,4.055300255731658,1.7275290383740722
1271,49.2449508267512,4.055286178865317,1.6924377444632637
1272,49.244963496858304,4.055271186370942,1.6467986875704703
1273,49.24497838511474,4.055256741330969,1.6375180789608141
1274,49.24499240882722,4.055241022078689,1.7785495676973264
1275,49.244999590535194,4.055220110486147,1.7591572095764187
1276,49.24500996291892,4.055205355024676,1.7673464478975511
1277,49.245021777396644,4.055196327866211,1.784518149887353
1278,49.245029347844145,4.05516918189322,1.8224066127294145
1279,49.24503718736378,4.05515425370294,1.6956065061178751
1280,49.24504531723603,4.055138322914217,1.6277568777814582
1281,49.24505233445261,4.055116841144111,1.6970528329371928
1282,49.245063886690986,4.055106492545585,1.6524015973404111
1283,49.24506737561824,4.05508450367326,1.6902561205957662
1284,49.245078449769586,4.055077293262344,1.6574694333417295
1285,49.24509394345904,4.055068958608586,1.6719530050551161
1286,49.245104583783736,4.055051650619382,1.6972421025104478
1287,49.245112835001144,4.055033314135133,1.636411640669855
1288,49.24512843462345,4.055022819901499,1.7159919551352074
1289,49.245144013668856,4.055011375312558,1.7500910696341678
1290,49.245154779585,4.054995401221721,1.7058552365613797
1291,49.245164655600696,4.05498492028315,1.6054450570696754
1292,49.24517422344168,4.054973014815723,1.5584529650274905
1293,49.24518115660305,4.054954344639799,1.6248554309748227
1294,49.24518899764218,4.054937315019274,1.6294905372900281
1295,49.24519416307937,4.054918590004387,1.6321948829305772
1296,49.24519914003708,4.054903160326191,1.617672585155443
1297,49.2452129563533,4.05489203980719,1.6585404733646398
1298,49.245221844003034,4.054874689692597,1.6737259754122227
1299,49.245228071606725,4.054853680854276,1.6718703660849696
1300,49.245237202229866,4.054831582977958,1.680068727599851
1301,49.2452499353793,4.054817564420558,1.6138911748487696
1302,49.24525858941407,4.054798268043812,1.607804541038636
1303,49.24526478917948,4.054779746762524,1.5015556041363356
1304,49.24526536349901,4.054759363905911,1.433257659715332
1305,49.24527050223093,4.054739368188971,1.3729939517760934
1306,49.24527754734746,4.054720630977812,1.4342994511491978
1307,49.24528176478438,4.054707514766146,1.308501576078891
1308,49.24528705325058,4.05469874282836,1.0549130063638221
1309,49.245299418432815,4.0546898602987795,1.4223469800764272
1310,49.24531373235218,4.054672645244111,1.6087034437672698
1311,49.24532158209564,4.05465219353745,1.620475078820294
1312,49.245330742999734,4.054634651616918,1.612053915931248
1313,49.245337898375965,4.054619645249249,1.5423440589733235
1314,49.24535844792973,4.054583628556934,1.6428958542020085
1315,49.24534517179131,4.054599719583697,1.6050892368183343
1316,49.24536638499972,4.054561319702293,1.6758752287217518
1317,49.24537381256191,4.05454131546461,1.6529210823302367
1318,49.24537997167955,4.054525518270822,1.5676956785719796
1319,49.24538918239568,4.0545072202881745,1.660109471812161
1320,49.24540016868444,4.05449946700067,1.6037038304589504
1321,49.24540771019828,4.054489520316739,1.5700839025700908
1322,49.24541556798132,4.054475098286117,1.5927989356644656
1323,49.24542422008552,4.0544546225054985,1.5932997479922646
1324,49.245429212540344,4.054432066088908,1.5787146596412336
1325,49.24543370399881,4.054410546347706,1.549907110242343
1326,49.24544003712484,4.054390716598011,1.517304023303901
1327,49.24545455151159,4.05437831641708,1.6394083253886398
1328,49.24546130698724,4.054361222161178,1.4195346904041786
1329,49.24545149961728,4.05433214912356,1.1287925701829018
1330,49.24545697801799,4.054313384298674,1.1873974568494188
1331,49.24547262931069,4.054299979365923,1.4450738473488545
1332,49.24548345464808,4.054283044009618,1.546470055964267
1333,49.24548931401238,4.054264628886321,1.6338749477573742
1334,49.24550189933438,4.05425620902937,1.626074386053571
1335,49.245515153204174,4.054254015920519,1.630778100788706
1336,49.24552721805728,4.054249200394748,1.6158166031567265
1337,49.24553417328127,4.054242533270352,1.5417616784993462
1338,49.24554278758286,4.0542318182565555,1.5479504314102945
1339,49.245548325484826,4.0542037610661845,1.6390819224701105
1340,49.245553027066926,4.054179267758483,1.711708987075101
1341,49.245559629853716,4.054164397982191,1.6441599903254756
1342,49.24557329920364,4.054150682127175,1.638809021686897
1343,49.24558350552257,4.054131687780559,1.6698872094822723
1344,49.245590869365714,4.0541099769736295,1.6521959879587305
1345,49.245602122842335,4.054092660513885,1.654031730019248
1346,49.24560746359778,4.054073969764908,1.6032962486912141
1347,49.2456200703582,4.054066078233999,1.5940558067389237
1348,49.24562833717546,4.054053408720815,1.5841594183857814
1349,49.2456358434851,4.054034379246501,1.6328998922400986
1350,49.24563448575477,4.054008243954365,1.6207826475350544
1351,49.24562876305677,4.053986409447761,1.5927848193496377
1352,49.245637850265446,4.053968964435386,1.5869797201165543
1353,49.24564274852167,4.053953657198442,1.57824437796098
1354,49.24566092507528,4.053943241109449,1.5046125804731127
1355,49.24567162715035,4.053926579234824,1.6355334560527517
1356,49.24568034199119,4.053913043674307,1.620063725011538
1357,49.24568888268244,4.053898921111381,1.5947828380705114
1358,49.24569779812537,4.053881161721315,1.6260742033214832
1359,49.24571125431861,4.053870280508244,1.609204748574158
1360,49.24571898495856,4.053856464623752,1.5693721545626993
1361,49.24573001879253,4.05384225094137,1.6048000754165217
1362,49.24574233322039,4.053826437023427,1.6782488059998868
1363,49.245820498797826,4.053759958239664,1.645343782825241
1364,49.245820498797826,4.053759958239664,1.645343782825241
1365,49.245820498797826,4.053759958239664,1.645343782825241
1366,49.24568132755127,4.05342471139402,1.1259771585464478
1367,49.245679759591134,4.053448122637691,1.2425240278244019
1368,49.24569174660717,4.053438675137102,1.2425240278244019
1369,49.245812047500884,4.053439061648272,1.0986915826797485
1370,49.24584860613559,4.053432768539171,1.448906660079956
1371,49.245877752181535,4.0534252352002405,1.4724006652832031
1372,49.245897502229084,4.0534137987762335,1.4724006652832031
1373,49.245915306077485,4.053404961561005,1.7371227741241455
1374,49.24592737232574,4.053389812203103,1.7371227741240813
1375,49.245940129152686,4.053375332133892,1.7619383335112853
1376,49.245952922711666,4.053365204055479,1.7619383335112853
1377,49.24596517470103,4.053353123311504,1.7001926898955695
1378,49.24597643317942,4.053341420706497,1.685327410697878
1379,49.24598683942972,4.0533263208755015,1.607072353362986
1380,49.24599582852003,4.053308937714972,1.607072353362986
1381,49.24600351357421,4.053293470427518,1.591803550720165
1382,49.2460125374618,4.053279489160156,1.555369257926895
1383,49.246021285948586,4.0532636593421705,1.5739551782607553
1384,49.2460258350881,4.053244258030969,1.573955178260755
1385,49.246028871455735,4.053229713562631,1.5085110664367252
1386,49.24603721075403,4.053220603292654,1.5068109035491521
1387,49.24604532404348,4.0532150560153095,1.4492909908294305
1388,49.24605904493601,4.05319903715518,1.5047218799590645
1389,49.246067434251536,4.053185599769335,1.5047218799590645
1390,49.246077358873706,4.05316832134576,1.5047218799590647
1391,49.24608861038462,4.053155784237856,1.509270429611164
1392,49.24609346593618,4.05314730830807,1.5092704296111639
1393,49.24609828401572,4.0531372458401504,1.4066027402877466
1394,49.246103447169,4.053127524168856,1.5013929707983165
1395,49.24610610322257,4.05309989147115,1.4421438281193615
1396,49.24611335973533,4.053077639780063,1.545741412815397
1397,49.24611488090555,4.053051110122677,1.4801602746913813
1398,49.246119571672864,4.0530231105260315,1.548597806714071
1399,49.24613104231957,4.053005161905818,1.6019405177952928
1400,49.24613211176294,4.052981395773587,1.4201915509522447
1401,49.24613666718086,4.052965492450556,1.8476685451869719
1402,49.24614896774801,4.052947851433677,1.6924337786791614
1403,49.24614962938228,4.052924968045583,1.6239820477789633
1404,49.24615287562085,4.052904298201333,1.6143025852989654
1405,49.24615512102032,4.052886247622538,1.535487205980572
1406,49.246169596156975,4.052877248364122,1.4407455327054675
1407,49.24619314367818,4.052877601266561,1.5284498097403405
1408,49.24621467811541,4.052880358316376,1.6116507068430241
1409,49.24623468879217,4.052872787276057,1.6066737596420322
1410,49.24624971387184,4.052858109214339,1.6097070572270051
1411,49.24626095745013,4.052841462243465,1.6180264244177456
1412,49.246269683898404,4.0528229036627765,1.5987739298119799
1413,49.246273949252156,4.052803721160296,1.5944589263480051
1414,49.24627970420922,4.052787353820106,1.5890979873807791
1415,49.24629126113943,4.0527731117264345,1.5822836454275564
1416,49.2463074942219,4.05276143148267,1.622784355607635
1417,49.246315030008624,4.052739875004693,1.6462129487271235
1418,49.24632224771897,4.0527228809724,1.58922527356297
1419,49.24633346767194,4.052708573658201,1.6016705531506563
1420,49.24634195932558,4.0526905290500075,1.6268336940469572
1421,49.24634677450944,4.052668579328341,1.6247945870042124
1422,49.246356401017444,4.052653077821617,1.5850057395573276
1423,49.246367473012455,4.052638486964453,1.5690316832113804
1424,49.24637836469116,4.052624654310451,1.5586236042273443
1425,49.24638721927734,4.052607841403495,1.5647025779069348
1426,49.24639700838976,4.0525856805588605,1.6545329980860355
1427,49.246406170421,4.052571542823827,1.5573405066487247
1428,49.24641187233907,4.052553747500788,1.564792223070094
1429,49.24641991695993,4.052539315602304,1.5875765686477825
1430,49.24642570233738,4.052518688078519,1.6304546628943453
1431,49.246435191964494,4.0525044719123855,1.608872088703388
1432,49.24644574767785,4.052490531940465,1.634788179956755
1433,49.24645940078129,4.052480382852756,1.6569379292350772
1434,49.24647238341108,4.052466326538386,1.6480322848637778
1435,49.246482251781465,4.052455931913116,1.5938404946979494
1436,49.246489093420834,4.052434932504865,1.5898527750293503
1437,49.246497707702375,4.052420017220183,1.5258972232800616
1438,49.246508617205315,4.0524111662105335,1.4742056562482007
1439,49.24652087016433,4.052404552919195,1.5541364699448945
1440,49.246529567525734,4.052389213010593,1.5729456471616885
1441,49.24653947604547,4.052373422100512,1.6177121014950495
1442,49.24654697010903,4.052350858917072,1.6348349579494392
1443,49.246556291191176,4.052330586514003,1.6643645088725154
1444,49.24656463159401,4.052309182834946,1.6745878272987489
1445,49.2465707879818,4.052285550150626,1.6722832474528564
1446,49.24657808550397,4.0522643649173515,1.6273006411100361
1447,49.246580236249635,4.052235531865687,1.6363318409552166
1448,49.246583671895074,4.052211879183282,1.6178155712309845
1449,49.24658372806542,4.052186173973138,1.5730064724451291
1450,49.246587119700784,4.05216087438184,1.5965801983035572
1451,49.24659580614657,4.052140424303792,1.6236126168381328
1452,49.24660497268254,4.05212547952379,1.5691828535799244
1453,49.24660904304867,4.052107999876923,1.5393270096116225
1454,49.24661345972374,4.052080346994739,1.6149083293002544
1455,49.246614681203695,4.052054959807799,1.6159075378713428
1456,49.246614997544526,4.052032446122513,1.604141582073748
1457,49.2466173748855,4.0520113896701435,1.6335301983978574
1458,49.24662276740488,4.0519917948536825,1.5557126058172692
1459,49.24662976038023,4.051971994599395,1.5914178865231634
1460,49.24663461361024,4.051956719987282,1.5478692211021867
1461,49.246647182519936,4.051949504760389,1.5175227990658517
1462,49.24666701457882,4.05195167939589,1.5768198487825908
1463,49.246699475446114,4.051937495879319,1.6113856097840895
1464,49.246709446044335,4.051919632561578,1.620586759492542
1465,49.246685576286005,4.051947593894704,1.6161192507167046
1466,49.24671642682855,4.051893781427743,1.6802569027250334
1467,49.24672977864398,4.051881690351277,1.60154361352726
1468,49.24673660162178,4.051862025948523,1.6264513527120519
1469,49.24674688416397,4.051845662373779,1.613694482707439
1470,49.24675762059802,4.051827569957558,1.6540082204347095
1471,49.246765163376196,4.051810760919054,1.6180969635152176
1472,49.246772187015225,4.051795746913382,1.594839243790401
1473,49.24677846503454,4.05177906241081,1.6127607781290159
1474,49.246784756293124,4.0517657278434855,1.4852468955458475
1475,49.246793127345384,4.051750276129579,1.3947959351654455
1476,49.24680069564808,4.051736524594679,1.285765029119027
1477,49.24681361293661,4.051723069931665,1.559794713957108
1478,49.24682289253044,4.05170355250405,1.5553018560537095
1479,49.24683423465948,4.051687478867134,1.6227366894280062
1480,49.2468371630568,4.0516619362463375,1.6428869986718861
1481,49.24684463194635,4.051642495397757,1.6268738886346201
1482,49.246849109711796,4.051618521973701,1.641538755146204
1483,49.24685465761511,4.051600471940139,1.6181236553251699
1484,49.24685913556287,4.051579173808084,1.6289439103700707
1485,49.24686650100728,4.051562407198078,1.6095922978793635
1486,49.24687688265186,4.051547619082884,1.6090248781354282
1487,49.24688913019586,4.051538790134164,1.5693235717602674
1488,49.24689989863979,4.051525304466258,1.5657633347154025
1489,49.24690935559528,4.05150946665588,1.586377593588579
1490,49.24691726898302,4.051491344004551,1.561704296564215
1491,49.24692841011069,4.051475041104886,1.6016986283456118
1492,49.24693383384098,4.0514543976040445,1.5791875360990497
1493,49.24694273234546,4.051435955757011,1.606043782345862
1494,49.24695057211453,4.051416799914934,1.601807879719266
1495,49.246961730183415,4.051401303052191,1.616162438857003
1496,49.24696942721237,4.051385183640907,1.6279733362829305
1497,49.24697859020318,4.051371024846198,1.6343214780003723
1498,49.246985559273064,4.051357168038659,1.585901890469926
1499,49.24699386435057,4.051343495919749,1.596731896462487
1500,49.24700611528771,4.051329678920793,1.6174715858563162
1501,49.24701092356653,4.051309281254662,1.6019930985963353
1502,49.247020701168196,4.051295165056028,1.5528673499718175
1503,49.24702936371589,4.051282631838924,1.5079495722671605
1504,49.247029304330816,4.051255028952245,1.6009089331748274
1505,49.24703356454243,4.051232421495017,1.6069210075170952
1506,49.2470295377404,4.051210323112882,1.5047998725142
1507,49.24700712494077,4.051193737547114,1.5477117792172235
1508,49.24698695080407,4.051196226108692,1.6223056803309461
1509,49.24697125657991,4.051194540829474,1.6095375608968843
1510,49.2469587732254,4.051182617612934,1.564064139696461
1511,49.24694912834283,4.0511603551629225,1.602756466197594
1512,49.246938808453706,4.051140587764729,1.6325718733332655
1513,0,0,0
1514,49.24393866765713,4.062569550139994,0
1515,49.24393866765713,4.062569550139994,0
1516,49.24393866765713,4.062569550139994,0
1517,49.24393866765713,4.062569550139994,0
1518,49.2439396032445,4.062572962805003,0
1519,49.2439396032445,4.062572962805003,0
1520,49.2439396032445,4.062572962805003,0
1521,49.2439396032445,4.062572962805003,0
1522,49.2439396032445,4.062572962805003,0
1523,49.2439396032445,4.062572962805003,0
1524,49.2439396032445,4.062572962805003,0
1525,49.2439396032445,4.062572962805003,0
1526,49.2439396032445,4.062572962805003,0
1527,49.2439396032445,4.062572962805003,0
1528,49.2439396032445,4.062572962805003,0
1529,49.2439396032445,4.062572962805003,0
1530,49.243943376534624,4.062600307780068,0
1531,49.243943376534624,4.062600307780068,0
1532,49.243943336674626,4.062601152814848,0
1533,49.243943336674626,4.062601152814848,0
1534,49.243943336674626,4.062601152814848,0
1535,49.243943336674626,4.062601152814848,0
1536,49.243943336674626,4.062601152814848,0
1537,49.243943336674626,4.062601152814848,0
1538,49.243944876719176,4.062603317695948,0
1539,49.243944876719176,4.062603317695948,0
1540,49.24393915066992,4.06254696644437,0
1541,49.24393924649865,4.062547433446598,0
1542,49.24393925753477,4.06254748722886,0
1543,49.24394428142212,4.062544152803165,0
1544,49.24394588021657,4.062564269418391,0
1545,0,0,0
1546,49.24658451431081,4.051291883663742,0
1547,0,0,0
1548,49.24658451431081,4.051291883663742,0
1549,49.24658451431081,4.051291883663742,0
1550,49.24658451431081,4.051291883663742,0
1551,49.24658451431081,4.051291883663742,0
1552,49.24658451431081,4.051291883663742,0
1553,49.24658451431081,4.051291883663742,0
1554,49.24658451431081,4.051291883663742,0
1555,49.24658451431081,4.051291883663742,0
1556,49.24658451431081,4.051291883663742,0
1557,49.24658451431081,4.051291883663742,0
1558,49.24658451431081,4.051291883663742,0
1559,49.24658451431081,4.051291883663742,0
1560,49.24658451431081,4.051291883663742,0
1561,49.24658451431081,4.051291883663742,0
1562,49.24658451431081,4.051291883663742,0
1563,49.24658451431081,4.051291883663742,0
1564,49.24658451431081,4.051291883663742,0
1565,49.24658451431081,4.051291883663742,0
1566,49.24658451431081,4.051291883663742,0
1567,49.24658451431081,4.051291883663742,0
1568,49.24658451431081,4.051291883663742,0
1569,49.24658451431081,4.051291883663742,0
1570,49.24658451431081,4.051291883663742,0
1571,49.24658451431081,4.051291883663742,0
1572,49.24658451431081,4.051291883663742,0
1573,49.24658451431081,4.051291883663742,0
1574,49.24658451431081,4.051291883663742,0
1575,49.24658451431081,4.051291883663742,0
1576,49.24658451431081,4.051291883663742,0
1577,49.24658451431081,4.051291883663742,0
1578,49.24658451431081,4.051291883663742,0
1579,49.24658451431081,4.051291883663742,0
1580,49.24658451431081,4.051291883663742,0
1581,49.24658451431081,4.051291883663742,0
1582,49.24658451431081,4.051291883663742,0
1583,49.24658451431081,4.051291883663742,0
1584,49.24658451431081,4.051291883663742,0
1585,49.24658451431081,4.051291883663742,0
1586,49.24658451431081,4.051291883663742,0
1587,49.24658451431081,4.051291883663742,0
1588,49.24658451431081,4.051291883663742,0
1589,49.24658451431081,4.051291883663742,0
1590,49.24658451431081,4.051291883663742,0
1591,49.24658451431081,4.051291883663742,0
1592,49.24658451431081,4.051291883663742,0
1593,49.24658451431081,4.051291883663742,0
1594,49.24658451431081,4.051291883663742,0
1595,49.24658451431081,4.051291883663742,0
1596,49.24658451431081,4.051291883663742,0
1597,49.24658451431081,4.051291883663742,0
1598,49.24658451431081,4.051291883663742,0
1599,49.24658451431081,4.051291883663742,0
1600,49.24658451431081,4.051291883663742,0
1601,49.24658451431081,4.051291883663742,0
1602,49.24658451431081,4.051291883663742,0
1603,49.24658451431081,4.051291883663742,0
1604,49.24658451431081,4.051291883663742,0
1605,49.24658451431081,4.051291883663742,0
1606,49.24658451431081,4.051291883663742,0
1607,49.24658451431081,4.051291883663742,0
1608,49.24658451431081,4.051291883663742,0
1609,49.24658451431081,4.051291883663742,0
1610,49.24658451431081,4.051291883663742,0
1611,49.24658451431081,4.051291883663742,0
1612,49.24658451431081,4.051291883663742,0
1613,49.24658451431081,4.051291883663742,0
1614,49.24658451431081,4.051291883663742,0
1615,49.24658451431081,4.051291883663742,0
1616,49.24658451431081,4.051291883663742,0
1617,49.24658451431081,4.051291883663742,0
1618,49.24658451431081,4.051291883663742,0
1619,49.24658451431081,4.051291883663742,0
1620,49.24658451431081,4.051291883663742,0
1621,49.24658451431081,4.051291883663742,0
1622,49.24658451431081,4.051291883663742,0
1623,49.24658451431081,4.051291883663742,0
1624,49.24658451431081,4.051291883663742,0
1625,49.24658451431081,4.051291883663742,0
1626,49.24658451431081,4.051291883663742,0
1627,49.24658451431081,4.051291883663742,0
1628,49.24658451431081,4.051291883663742,0
1629,49.24658451431081,4.051291883663742,0
1630,49.24658451431081,4.051291883663742,0
1631,49.24658451431081,4.051291883663742,0
1632,49.24658451431081,4.051291883663742,0
1633,49.24658451431081,4.051291883663742,0
1634,49.24658451431081,4.051291883663742,0
1635,49.24658451431081,4.051291883663742,0
1636,49.24658451431081,4.051291883663742,0
1637,49.24658451431081,4.051291883663742,0
1638,49.24658451431081,4.051291883663742,0
1639,49.24658451431081,4.051291883663742,0
1640,49.24658451431081,4.051291883663742,0
1641,49.24658451431081,4.051291883663742,0
1642,49.24658451431081,4.051291883663742,0
1643,49.24658451431081,4.051291883663742,0
1644,49.24658451431081,4.051291883663742,0
1645,49.24658451431081,4.051291883663742,0
1646,49.24658451431081,4.051291883663742,0
1647,49.24658451431081,4.051291883663742,0
1648,49.24658451431081,4.051291883663742,0
1649,49.24658451431081,4.051291883663742,0
1650,49.24658451431081,4.051291883663742,0
1651,49.24658451431081,4.051291883663742,0
1652,49.24658451431081,4.051291883663742,0
1653,49.24658451431081,4.051291883663742,0
1654,49.24658451431081,4.051291883663742,0
1655,49.24658451431081,4.051291883663742,0
1656,49.24658451431081,4.051291883663742,0
1657,49.24658451431081,4.051291883663742,0
1658,49.24658451431081,4.051291883663742,0
1659,49.24658451431081,4.051291883663742,0
1660,49.24658451431081,4.051291883663742,0
1661,49.24658451431081,4.051291883663742,0
1662,49.24658451431081,4.051291883663742,0
1663,49.24658451431081,4.051291883663742,0
1664,49.24658451431081,4.051291883663742,0
1665,49.24658451431081,4.051291883663742,0
1666,49.24658451431081,4.051291883663742,0
1667,49.24658451431081,4.051291883663742,0
1668,49.24658451431081,4.051291883663742,0
1669,49.24658451431081,4.051291883663742,0
1670,49.24658451431081,4.051291883663742,0
1671,49.24658451431081,4.051291883663742,0
1672,49.24658451431081,4.051291883663742,0
1673,49.24658451431081,4.051291883663742,0
1674,49.24658451431081,4.051291883663742,0
1675,0,0,0
1676,49.24658451431081,4.051291883663742,0
1677,49.24658451431081,4.051291883663742,0
1678,49.24658451431081,4.051291883663742,0
1679,49.24658451431081,4.051291883663742,0
1680,49.24658451431081,4.051291883663742,0
1681,49.24658451431081,4.051291883663742,0
1682,49.24658451431081,4.051291883663742,0
1683,49.24658451431081,4.051291883663742,0
1684,49.24658451431081,4.051291883663742,0
1685,49.24658451431081,4.051291883663742,0
1686,49.24658451431081,4.051291883663742,0
1687,49.24658451431081,4.051291883663742,0
1688,49.24658451431081,4.051291883663742,0
1689,49.24658451431081,4.051291883663742,0
1690,49.24658451431081,4.051291883663742,0
1691,49.24658451431081,4.051291883663742,0
1692,0,0,0
1693,0,0,0
1694,49.24658451431081,4.051291883663742,0
1695,49.24658451431081,4.051291883663742,0
1696,49.24658451431081,4.051291883663742,0
1697,49.24658451431081,4.051291883663742,0
1698,49.24658451431081,4.051291883663742,0
1699,49.24658451431081,4.051291883663742,0
1700,49.24658451431081,4.051291883663742,0
1701,0,0,0
1702,49.24658451431081,4.051291883663742,0
1703,49.24658451431081,4.051291883663742,0
1704,49.24658451431081,4.051291883663742,0
1705,49.24658451431081,4.051291883663742,0
1706,49.24658451431081,4.051291883663742,0
1707,49.24658451431081,4.051291883663742,0
1708,49.24658451431081,4.051291883663742,0
1709,49.24658451431081,4.051291883663742,0
1710,0,0,0
1711,49.24443479480169,4.049776345312409,0.9083298306861698
1712,49.24443479480169,4.049776345312409,0.9083298306861698
1713,49.24443479480169,4.049776345312409,0.9083298306861698
1714,49.24443479480169,4.049776345312409,0.9083298306861698
1715,49.24443479480169,4.049776345312409,0.9083298306861698
1716,49.24443479480169,4.049776345312409,0.9083298306861698
1717,49.24443479480169,4.049776345312409,0.9083298306861698
1718,49.24443479480169,4.049776345312409,0.9083298306861698
1719,49.24659518748161,4.0512805430034895,0.06938415230234017
1720,49.246596208390244,4.051281809624221,0.0029949543715131434
1721,49.246593585219486,4.051278856278684,0.17493281185867224
1722,0,0,0
1723,49.24659943362267,4.051226103868731,0
1724,49.24660135877234,4.05121677035628,0
1725,49.24659943362267,4.051226103868731,0
1726,0,0,0
1727,49.24659943362267,4.051226103868731,0
1728,0,0,0
1729,0,0,0
1730,49.24660007092518,4.051220356735239,0
1731,49.24660007092518,4.051220356735239,0
1732,49.24660007092518,4.051220356735239,0
1733,49.24660007092518,4.051220356735239,0
1734,49.24660007092518,4.051220356735239,0
1735,49.24660007092518,4.051220356735239,0
1736,49.24660007092518,4.051220356735239,0
1737,49.24660007092518,4.051220356735239,0
1738,49.24660007092518,4.051220356735239,0
1739,49.24660029959789,4.051220994663606,0
1740,49.24660029959789,4.051220994663606,0
1741,49.24660029959789,4.051220994663606,0
1742,49.24660029959789,4.051220994663606,0
1743,49.24660029959789,4.051220994663606,0
1744,49.24660029959789,4.051220994663606,0
1745,49.24660029959789,4.051220994663606,0
1746,49.24660029959789,4.051220994663606,0
1747,49.24660029959789,4.051220994663606,0
1748,49.24660029959789,4.051220994663606,0
1749,49.24660029959789,4.051220994663606,0
1750,49.24660029959789,4.051220994663606,0
1751,49.24659911811608,4.051220801675119,0
1752,49.24659911811608,4.051220801675119,0
1753,49.24659911811608,4.051220801675119,0
1754,49.24659911811608,4.051220801675119,0
1755,0,0,0
1756,0,0,0
1757,0,0,0
1758,49.246585446945595,4.05123311100745,0
1759,49.24658773199604,4.051232563972112,0
1760,0,0,0
1761,49.24658773199604,4.051232563972112,0
1762,49.24658773199604,4.051232563972112,0
1763,49.24658850034762,4.051213421653205,0
1764,49.24658723089088,4.051222645026051,0
1765,49.24658773199604,4.051232563972112,0
1766,49.24658773199604,4.051232563972112,0
1767,49.24658773199604,4.051232563972112,0
1768,49.24658773199604,4.051232563972112,0
1769,49.246585446945595,4.05123311100745,0
1770,49.24658850034762,4.051213421653205,0
1771,49.24658723089088,4.051222645026051,0
1772,49.24658723089088,4.051222645026051,0
1773,49.24658850034762,4.051213421653205,0
1774,49.24658723089088,4.051222645026051,0
1775,49.24658723089088,4.051222645026051,0
1776,49.24658850034762,4.051213421653205,0
1777,49.24658723089088,4.051222645026051,0
1778,49.24658723089088,4.051222645026051,0
1779,49.24658850034762,4.051213421653205,0
1780,49.24658850034762,4.051213421653205,0
1781,49.24658773199604,4.051232563972112,0
1782,49.24658773199604,4.051232563972112,0
1783,49.24658723089088,4.051222645026051,0
1784,49.246585446945595,4.05123311100745,0
1785,49.24658850034762,4.051213421653205,0
1786,49.24658723089088,4.051222645026051,0
1787,49.246585446945595,4.05123311100745,0
1788,49.246585446945595,4.05123311100745,0
1789,49.246585446945595,4.05123311100745,0
1790,49.246585446945595,4.05123311100745,0
1791,49.246585446945595,4.05123311100745,0
1792,49.246585446945595,4.05123311100745,0
1793,0,0,0
1794,0,0,0
1795,49.24658343194437,4.051231038257546,0
1796,49.24658343194437,4.051231038257546,0
1797,49.24658343194437,4.051231038257546,0
1798,49.24658343194437,4.051231038257546,0
1799,49.24658343194437,4.051231038257546,0
1800,49.24658343194437,4.051231038257546,0
1801,49.24658343194437,4.051231038257546,0
1802,49.24658343194437,4.051231038257546,0
1803,49.24658367688314,4.051234980143917,0
1804,49.24658367688314,4.051234980143917,0
1805,49.24658367688314,4.051234980143917,0
1806,49.24658367688314,4.051234980143917,0
1807,49.24658367688314,4.051234980143917,0
1808,49.24658367688314,4.051234980143917,0
1809,49.24658367688314,4.051234980143917,0
1810,49.24658367688314,4.051234980143917,0
1811,49.24658367688314,4.051234980143917,0
1812,49.24658367688314,4.051234980143917,0
1813,49.24658367688314,4.051234980143917,0
1814,49.24658367688314,4.051234980143917,0
1815,49.24658342360837,4.0512330792562,0
1816,49.24658342360837,4.0512330792562,0
1817,49.24658342360837,4.0512330792562,0
1818,49.24658342360837,4.0512330792562,0
1819,49.24658342360837,4.0512330792562,0
1820,0,0,0
1821,0,0,0
1822,49.246588749060436,4.051235525776295,0
1823,49.246588749060436,4.051235525776295,0
1824,0,0,0
1825,0,0,0
1826,49.246577023440295,4.051206698495454,0
1827,49.246577023440295,4.051206698495454,0
1828,49.246577023440295,4.051206698495454,0
1829,49.246577023440295,4.051206698495454,0
1830,49.246577023440295,4.051206698495454,0
1831,49.24657685102143,4.051205898256619,0
1832,49.24657685102143,4.051205898256619,0
1833,49.24657685102143,4.051205898256619,0
1834,49.24657685102143,4.051205898256619,0
1835,49.24657685102143,4.051205898256619,0
1836,49.24657685102143,4.051205898256619,0
1837,49.24657685102143,4.051205898256619,0
1838,49.24657685102143,4.051205898256619,0
1839,49.24657685102143,4.051205898256619,0
1840,49.24657685102143,4.051205898256619,0
1841,49.24657685102143,4.051205898256619,0
1842,49.24657685102143,4.051205898256619,0
1843,49.246577898102046,4.051205897893211,0
1844,49.246577898102046,4.051205897893211,0
1845,49.246577898102046,4.051205897893211,0
1846,49.246577898102046,4.051205897893211,0
1847,49.246577898102046,4.051205897893211,0
1848,49.246577898102046,4.051205897893211,0
1849,49.246577898102046,4.051205897893211,0
1850,49.246577898102046,4.051205897893211,0
1851,49.246577898102046,4.051205897893211,0
1852,49.246577898102046,4.051205897893211,0
1853,49.246577898102046,4.051205897893211,0
1854,49.246577898102046,4.051205897893211,0
1855,49.246577907182576,4.0512065831251425,0
1856,49.246577907182576,4.0512065831251425,0
1857,49.246577907182576,4.0512065831251425,0
1858,49.246577907182576,4.0512065831251425,0
1859,49.246577907182576,4.0512065831251425,0
1860,49.246577907182576,4.0512065831251425,0
1861,49.246577907182576,4.0512065831251425,0
1862,49.246577907182576,4.0512065831251425,0
1863,49.246577907182576,4.0512065831251425,0
1864,49.246577907182576,4.0512065831251425,0
1865,49.246577907182576,4.0512065831251425,0
1866,49.246577907182576,4.0512065831251425,0
1867,49.246579134239596,4.05120682685287,0
1868,49.246579134239596,4.05120682685287,0
1869,49.246579134239596,4.05120682685287,0
1870,49.246579134239596,4.05120682685287,0
1871,49.246579134239596,4.05120682685287,0
1872,49.246579134239596,4.05120682685287,0
1873,49.246579134239596,4.05120682685287,0
1874,49.246579134239596,4.05120682685287,0
1875,49.246580131473394,4.051206241520104,0
1876,49.246580131473394,4.051206241520104,0
1877,49.246580131473394,4.051206241520104,0
1878,49.246580131473394,4.051206241520104,0
1879,49.246580131473394,4.051206241520104,0
1880,49.246580131473394,4.051206241520104,0
1881,49.246580131473394,4.051206241520104,0
1882,49.246580131473394,4.051206241520104,0
1883,49.246580131473394,4.051206241520104,0
1884,49.246580131473394,4.051206241520104,0
1885,49.246580131473394,4.051206241520104,0
1886,49.246579781955035,4.05120658222745,0
1887,49.246579781955035,4.05120658222745,0
1888,49.246579781955035,4.05120658222745,0
1889,49.246579781955035,4.05120658222745,0
1890,49.246579781955035,4.05120658222745,0
1891,49.246579781955035,4.05120658222745,0
1892,49.246579781955035,4.05120658222745,0
1893,49.246579781955035,4.05120658222745,0
1894,49.246579781955035,4.05120658222745,0
1895,49.246579781955035,4.05120658222745,0
1896,49.246579781955035,4.05120658222745,0
1897,49.246579781955035,4.05120658222745,0
1898,49.246580423074775,4.051207906932588,0
1899,0,0,0
1900,0,0,0
1901,49.24659011597786,4.051197318159485,0
1902,49.24659011597786,4.051197318159485,0
1903,49.24659011597786,4.051197318159485,0
1904,49.24659011597786,4.051197318159485,0
1905,49.24659205113833,4.051196144553441,0
1906,49.24659205113833,4.051196144553441,0
1907,49.24659205113833,4.051196144553441,0
1908,49.24659205113833,4.051196144553441,0
1909,49.24659205113833,4.051196144553441,0
1910,49.24659205113833,4.051196144553441,0
1911,49.24659205113833,4.051196144553441,0
1912,49.24659205113833,4.051196144553441,0
1913,49.24659205113833,4.051196144553441,0
1914,49.24659205113833,4.051196144553441,0
1915,49.24659205113833,4.051196144553441,0
1916,49.24659205113833,4.051196144553441,0
1917,49.24659112569947,4.051204982643452,0
1918,49.24659112569947,4.051204982643452,0
1919,49.24659112569947,4.051204982643452,0
1920,49.24659112569947,4.051204982643452,0
1921,49.24659112569947,4.051204982643452,0
1922,49.24659112569947,4.051204982643452,0
1923,49.24659112569947,4.051204982643452,0
1924,49.24659112569947,4.051204982643452,0
1925,49.24659112569947,4.051204982643452,0
1926,49.24659112569947,4.051204982643452,0
1927,49.24659112569947,4.051204982643452,0
1928,49.24659112569947,4.051204982643452,0
1929,49.24659629306454,4.051215611330298,0
1930,49.24659629306454,4.051215611330298,0
1931,49.24659629306454,4.051215611330298,0
1932,49.24659629306454,4.051215611330298,0
1933,49.24659629306454,4.051215611330298,0
1934,49.24659629306454,4.051215611330298,0
1935,49.24659629306454,4.051215611330298,0
1936,49.24659629306454,4.051215611330298,0
1937,49.24659629306454,4.051215611330298,0
1938,49.24659629306454,4.051215611330298,0
1939,49.24659629306454,4.051215611330298,0
1940,49.24659629306454,4.051215611330298,0
1941,49.24659370978126,4.0512188846564445,0
1942,49.24659370978126,4.0512188846564445,0
1943,49.24659370978126,4.0512188846564445,0
1944,49.24659370978126,4.0512188846564445,0
1945,49.24659370978126,4.0512188846564445,0
1946,49.24659370978126,4.0512188846564445,0
1947,49.24659370978126,4.0512188846564445,0
1948,49.24659370978126,4.0512188846564445,0
1949,49.24659370978126,4.0512188846564445,0
1950,49.24659370978126,4.0512188846564445,0
1951,0,0,0
1952,0,0,0
1953,49.246592662715244,4.051209272446923,0
1954,49.246592662715244,4.051209272446923,0
1955,49.246592662715244,4.051209272446923,0
1956,49.246592232352334,4.051206753635325,0
1957,49.246592232352334,4.051206753635325,0
1958,49.246592232352334,4.051206753635325,0
1959,49.246592232352334,4.051206753635325,0
1960,49.246592232352334,4.051206753635325,0
1961,49.246592232352334,4.051206753635325,0
1962,49.246592232352334,4.051206753635325,0
1963,49.246592232352334,4.051206753635325,0
1964,49.246592232352334,4.051206753635325,0
1965,49.246592232352334,4.051206753635325,0
1966,49.246592232352334,4.051206753635325,0
1967,49.24659238441458,4.051204553729025,0
1968,49.24659238441458,4.051204553729025,0
1969,49.24659238441458,4.051204553729025,0
1970,49.24659238441458,4.051204553729025,0
1971,49.24659238441458,4.051204553729025,0
1972,49.24659238441458,4.051204553729025,0
1973,49.24659238441458,4.051204553729025,0
1974,49.24659238441458,4.051204553729025,0
1975,49.24659238441458,4.051204553729025,0
1976,49.24659238441458,4.051204553729025,0
1977,49.24659238441458,4.051204553729025,0
1978,49.24659238441458,4.051204553729025,0
1979,49.24659210155595,4.051205369370342,0
1980,49.24659210155595,4.051205369370342,0
1981,49.24659210155595,4.051205369370342,0
1982,49.24659210155595,4.051205369370342,0
1983,49.24659210155595,4.051205369370342,0
1984,49.24659210155595,4.051205369370342,0
1985,49.24659210155595,4.051205369370342,0
1986,49.24659210155595,4.051205369370342,0
1987,49.24659210155595,4.051205369370342,0
1988,49.24659210155595,4.051205369370342,0
1989,49.24659210155595,4.051205369370342,0
1990,49.24659210155595,4.051205369370342,0
1991,49.24659177438494,4.051204546704046,0
1992,49.24659177438494,4.051204546704046,0
1993,49.24659177438494,4.051204546704046,0
1994,49.24659177438494,4.051204546704046,0
1995,49.24659177438494,4.051204546704046,0
1996,49.24659177438494,4.051204546704046,0
1997,49.24659177438494,4.051204546704046,0
1998,49.24659177438494,4.051204546704046,0
1999,49.24659177438494,4.051204546704046,0
2000,49.24659177438494,4.051204546704046,0
2001,49.24659177438494,4.051204546704046,0
2002,49.24659177438494,4.051204546704046,0
2003,49.24659234757075,4.051204817380839,0
2004,49.24659234757075,4.051204817380839,0
2005,49.24659234757075,4.051204817380839,0
2006,49.24659234757075,4.051204817380839,0
2007,49.24659234757075,4.051204817380839,0
2008,49.24659234757075,4.051204817380839,0
2009,49.24659234757075,4.051204817380839,0
2010,49.24659234757075,4.051204817380839,0
2011,49.24659234757075,4.051204817380839,0
2012,49.24659234757075,4.051204817380839,0
2013,49.24659234757075,4.051204817380839,0
2014,49.24659234757075,4.051204817380839,0
2015,49.246592629971076,4.051207137805322,0
2016,49.246592629971076,4.051207137805322,0
2017,49.246592629971076,4.051207137805322,0
2018,49.246592629971076,4.051207137805322,0
2019,0,0,0
2020,0,0,0
2021,49.24659446104529,4.05121751382898,0
2022,0,0,0
2023,0,0,0
2024,49.24659217759234,4.0512243058251105,0
2025,49.24659217759234,4.0512243058251105,0
2026,49.24659217759234,4.0512243058251105,0
2027,49.24659217759234,4.0512243058251105,0
2028,0,0,0
